Martinez,Gösta,Hedian,F,Pink
Brown,Séréna,Maştağa,F,Purple
Brooks,Océanne,Kinsale,F,Teal
Lewis,Sòng,Mopti,F,Puce
Andrews,Néhémie,Yangsi,M,Puce
Schmidt,Bécassine,Binglincha,M,Purple
Garcia,Ophélie,Troyan,M,Crimson
Jacobs,Lauréna,Węgliniec,M,Yellow
Carr,Léone,,F,Khaki
Lawrence,Anaé,Neftegorsk,M,Indigo
Mcdonald,Vénus,Shiliting,F,Yellow
Dean,Laurène,Foúrnoi,F,Indigo
Hunter,,Vroutek,F,Indigo
Davis,Léa,Kuzhorskaya,F,Aquamarine
Mason,Örjan,Gunungkendeng,M,Khaki
Gardner,Angèle,Citeureup,M,Pink
Henderson,Solène,Cayang,F,Indigo
Evans,Camélia,Papelón,F,Red
Smith,Mylène,Arnhem,F,Blue
Henry,Marie-thérèse,Xiachengzi,F,Fuscia
Howell,Nuó,Karabudakhkent,M,
Sanchez,Méthode,,F,Fuscia
Gonzales,Maëly,Cicapar,M,Red
Montgomery,Rachèle,Lubenec,M,Goldenrod
Morgan,Intéressant,Sheksna,M,Blue
Welch,Félicie,Koryukivka,F,Khaki
Gibson,Annotée,Blois,M,Violet
Ramos,Maïwenn,Kopstal,F,Green
Coleman,Maëlle,Feuknoni,F,Red
Carroll,Eliès,Nackawic,F,Red
Franklin,Noëlla,Madamba,M,Mauv
Hicks,Danièle,Tafraout,M,Violet
Mason,Eléa,Charlemagne,F,Maroon
Williamson,Mélia,Wilkowice,F,Purple
Warren,Gisèle,Charleville-Mézières,M,Yellow
Butler,Marie-thérèse,Cangshi,F,Yellow
Hunt,Börje,La Rioja,M,Goldenrod
Adams,Stéphanie,Trindade,F,Indigo
Garza,Mylène,Övertorneå,F,Aquamarine
Medina,,Jinping,F,Teal
Harris,Stévina,Comilla,F,Violet
Evans,Eliès,Šilheřovice,F,Maroon
Robertson,Anaël,Verkhnya Rozhanka,F,Green
Mason,Lèi,Nowshera Cantonment,F,Green
Torres,Maëlys,Badou,F,Fuscia
Fisher,Léone,Tubo,F,Purple
Greene,Kallisté,Dromiskin,M,Purple
Day,Maëline,Libu,F,Orange
Grant,Célia,Itaúna,F,Yellow
Holmes,Pénélope,Lille,M,Green
Green,Frédérique,Aquia,F,Orange
Johnson,Félicie,Zarasai,F,Aquamarine
Scott,Kù,Oke Iho,F,Violet
Romero,Régine,Buenavista,M,Red
Porter,Renée,Paraparaumu,M,Fuscia
Spencer,Magdalène,Castelões,M,Goldenrod
Lewis,Léonie,Tartu,M,Indigo
Nguyen,Maïwenn,Thayetmyo,F,Yellow
Fox,Sélène,Marelesu,F,Pink
Stevens,Jú,Dongfeng,F,Aquamarine
Long,Noëlla,Banjar Sandinggianyar,M,Goldenrod
Roberts,Anaëlle,Sagopshi,M,Aquamarine
Richardson,Mélia,Camp Flora,F,Fuscia
Myers,Lyséa,Zhangxi,M,Goldenrod
Foster,Håkan,Stapleford,M,Mauv
Alexander,Pénélope,Shache,M,Aquamarine
Reid,Maëlys,Castanheira,F,Khaki
Carter,,Pingdong,M,Indigo
Graham,Marie-françoise,Elimäki,F,Puce
Harrison,Magdalène,Estancia,M,Fuscia
Franklin,,Den Chai,F,Mauv
Garrett,Crééz,Kokop,F,Red
Gardner,Publicité,Kinloch,M,Yellow
Long,Mélina,Kinkala,M,Fuscia
Taylor,Léone,Yangirabot,M,Red
Harper,Aimée,Prachatice,F,Mauv
Williams,Maïté,Nam Kliang,F,Aquamarine
Barnes,Kuí,Kotovs’k,M,Puce
Baker,Märta,Nakatsu,F,Pink
Carpenter,Östen,Greenland,M,Violet
Powell,Maëlla,Gurinai,M,Indigo
Sullivan,André,Baytīn,M,Orange
Mason,Edmée,Xinle,M,Turquoise
Hansen,Inès,Catamayo,F,Fuscia
Gordon,,Phra Pradaeng,M,Blue
Gray,,Għaxaq,M,Fuscia
Moreno,Danièle,Savannah,M,Puce
Morgan,Nadège,Pengdian,M,Crimson
Stanley,Léa,San Bernardino,M,Purple
Murray,Miléna,Fuchūchō,F,Khaki
Ramirez,Céline,Poá,F,Maroon
Webb,Gaïa,Yangyu,F,Mauv
Rivera,Inès,Huangze,M,Yellow
Perry,Tán,Biggar,F,Fuscia
Gordon,Dafnée,El Fahs,M,Goldenrod
Miller,Lyséa,Chiang Yuen,,Yellow
Matthews,Séréna,San Antonio Oeste,M,Khaki
Richardson,Marylène,Seara,,Khaki
Flores,Léonore,Ceres,F,Teal
Baker,Lorène,Tayturka,M,Goldenrod
Parker,Garçon,Jiuzhou,M,Turquoise
Spencer,Åke,Shelopugino,F,Crimson
Harper,Eliès,Taourirt,F,Indigo
Marshall,Geneviève,Kirkland,F,Orange
Stephens,Erwéi,Hetian,M,Khaki
Myers,Mélinda,Anto,F,Maroon
Thompson,Cécile,Yelizavetinskaya,M,Green
Riley,Garçon,Qiulu,F,Puce
Sanders,Annotés,Al Manāqil,M,Yellow
Bradley,Loïs,Los Santos,F,Maroon
Owens,Garçon,,F,Pink
Rice,Clémence,Saint-Quentin-en-Yvelines,F,Khaki
Watson,Aurélie,Castañas,F,Orange
Fields,Aloïs,Trojanów,F,Violet
Mills,Gérald,Calape,M,Maroon
Holmes,Crééz,Ananindeua,M,Purple
Porter,Bérénice,Serhetabat,F,Indigo
Dunn,Bénédicte,Magdaleno Aguilar,F,Khaki
Garcia,Laurélie,Velasco Ibarra,F,Goldenrod
Nichols,Méng,Qing’an,M,Yellow
Wells,Maëlann,Terek,F,Red
Hill,Léone,Gävle,M,Indigo
Lawrence,Estève,Lüderitz,F,Violet
Adams,Anaïs,Chosica,F,Green
Banks,Mélys,Xinxiang,,Blue
Jackson,Bénédicte,Sacanche,F,Violet
Armstrong,Eléonore,Putat Lor,F,Purple
Ortiz,Céline,København,M,Aquamarine
Burton,Angèle,Roberval,F,Aquamarine
Kelly,Gaétane,Fengyang,F,Teal
Lynch,Loïc,Henglu,M,Violet
Moore,Léonie,Āshtīān,M,Khaki
Morales,Estève,Meedhoo,M,Indigo
Rodriguez,Edmée,Orléans,M,Red
Fuller,Séréna,Muḩradah,F,Maroon
Garrett,Anaïs,Spiczyn,M,Teal
Evans,Laurène,,M,Teal
Brooks,Börje,Knyaginino,F,Pink
Morris,Léandre,Xiaojiang,F,Teal
Dunn,Françoise,Zolotyy Potik,F,
Ward,Edmée,Lyon,M,Turquoise
Peterson,Pò,Mayahi,F,Violet
Howard,Illustrée,Palencia,M,Green
Butler,Méghane,Cuauhtemoc,M,Yellow
Cox,Clémentine,Bagdadi,M,Teal
Morales,Cécilia,Cimadang,M,
Fuller,Torbjörn,Zhabagly,M,Orange
Austin,Eliès,Bibinje,F,Khaki
Gray,Pélagie,Penanggungan,M,Fuscia
Alexander,Frédérique,Rushanzhai,F,Indigo
Frazier,Méryl,Quma,M,Mauv
Moore,Stévina,Hetian,M,Crimson
Dean,Méline,Stockholm,M,Orange
Morales,Rébecca,Blizne,M,Khaki
Grant,Cécile,Xingfu,M,Violet
Morales,Táng,Zemio,M,Red
Barnes,Adélie,Jiale,F,Red
Thompson,Estée,Néa Ankhíalos,F,Yellow
Bailey,Mylène,Bolong,F,Khaki
Hayes,Mélinda,Urus-Martan,F,Aquamarine
Larson,Yáo,Las Palmas,M,Purple
Moore,Rébecca,Brvenica,F,Green
Wright,Gaétane,Burgeo,F,Maroon
Hughes,Almérinda,Mahdishahr,F,Crimson
Gonzalez,Clélia,Vol’sk,,Mauv
Williams,Eléa,Ribeirão Pires,F,Blue
Boyd,Camélia,Cabuyaro,F,Fuscia
Mills,Crééz,Västra Frölunda,F,Pink
Burke,Cinéma,Tocha,M,Green
Lynch,Lucrèce,Thabazimbi,F,Maroon
Hunter,Maïlis,Chishan,F,Fuscia
Harris,Valérie,Guayabal,M,Yellow
Clark,Ruò,Saint-Louis,F,Red
Green,Océane,Saarbrücken,F,Teal
Alexander,Yáo,Malahide,F,Turquoise
Grant,Léandre,,F,Teal
Alexander,Liè,Amarillo,M,Orange
Gonzalez,Camélia,Xiaopu,M,Khaki
Thompson,Jú,Monze,M,
Fisher,Noëlla,Nova Era,M,Green
Green,Maëlyss,Crato,M,Mauv
Grant,Marylène,Yirga ‘Alem,M,Yellow
Pierce,Marylène,Sanom,F,Crimson
Fuller,Laïla,Czudec,M,Mauv
Fowler,Zhì,Taramana,F,Khaki
Gonzales,Lorène,Koíla,M,Mauv
Lee,Maëline,Fort Worth,M,Puce
Reyes,Annotée,Atipuluhan,M,Khaki
Black,Marie-françoise,Xintang,F,Aquamarine
Hernandez,Noémie,Timóteo,F,Puce
Morris,Mélina,Nancy,M,Crimson
Oliver,,Bahía Blanca,M,Teal
Perez,,Nichinan,M,Violet
Price,Judicaël,Zhanxu,F,Blue
Alvarez,Léana,Gambang,F,Goldenrod
Rodriguez,Yè,Silvino Lobos,F,
Elliott,Noëlla,Houjie,M,Purple
Frazier,Mahélie,Juhut,F,
Hudson,Yè,Tadotsu,M,Red
Meyer,Céline,Bergen,F,Green
Shaw,Gérald,Hoorn,M,Aquamarine
Murphy,Maïly,Baltimore,M,Red
Ross,Lorène,Garahaji,M,Blue
Thomas,Måns,Purorejo,M,Crimson
Fisher,Joséphine,Santo Domingo,M,Red
Marshall,Vérane,Roberval,M,Violet
Griffin,Anaïs,Yŏnan-ŭp,F,Purple
Hughes,Naëlle,Daguyun,M,Aquamarine
Watkins,Yú,Mulawato,M,Goldenrod
Watson,Jú,Punta del Este,M,Mauv
Thompson,Mélys,Chư Prông,M,Aquamarine
Franklin,Tú,Pingxiang,F,Maroon
Welch,Michèle,Thị Trấn Mường Khến,M,Pink
Ross,Zhì,Maués,F,Puce
Alexander,Nélie,Dawan,F,Purple
Hicks,Daphnée,Babica,F,Pink
Alexander,Séverine,Henglishan,M,Turquoise
Andrews,Cléopatre,Terpsithéa,F,Aquamarine
Young,Publicité,Suodenniemi,,Indigo
Wells,Danièle,Pessac,M,Violet
Reynolds,Léandre,,F,Maroon
Ward,Angélique,Pelem,F,Puce
Ruiz,Håkan,Xitou,M,Khaki
Parker,Marlène,Salvacion,F,Orange
Shaw,Audréanne,Timbaúba,M,Puce
Harrison,Angèle,Jiuzhen,F,Khaki
Diaz,Ruì,Horgo,F,Khaki
Morales,Régine,Vodňany,M,Indigo
Stephens,Görel,Xiejiaya,F,Mauv
Harvey,Bénédicte,Tangyu,M,Indigo
Gardner,Börje,Bungkal,F,Khaki
Hill,Laurène,Cikalong,F,Indigo
Ray,Cléopatre,Rakičan,F,Turquoise
Ward,Börje,Guaratinguetá,F,Mauv
Hansen,Nélie,Byuravan,M,Orange
Murray,Dù,Hongqi,F,Red
Reed,Marie-josée,Pouébo,M,Khaki
Lawson,Anaïs,Bafilo,M,Blue
Nichols,Annotés,Novais,M,Crimson
Morales,Océane,,M,Maroon
Torres,Göran,Santo André,F,Yellow
Daniels,Loïca,Bilice,F,Violet
Baker,Célestine,Winangun,M,Red
Gibson,Mélina,Honghua’erji,M,Mauv
Wood,Gaïa,Kumla,M,Turquoise
Arnold,Yáo,Slobozia,M,Orange
Stewart,Bénédicte,Jincheng,F,Puce
Simmons,Séréna,Surulangun Rawas,M,Turquoise
Nelson,Eugénie,Quinta de Valadares,F,Goldenrod
Bennett,Desirée,Slavonice,F,Red
Brown,Börje,Kävlinge,M,Puce
Ross,Lucrèce,Bonthe,F,Khaki
Willis,Médiamass,Chengcun,F,Blue
Mcdonald,Cinéma,Qiaotou,M,Indigo
Parker,Nuó,Adamstown,M,Crimson
Fisher,Stévina,Ciodeng,F,Red
Allen,Léana,Pirojpur,M,Fuscia
Wheeler,Cléa,Arauco,M,Aquamarine
Tucker,Magdalène,Pieksämäki,M,Purple
Fields,Eloïse,Desa Kertasari,M,Teal
Robertson,Marie-françoise,Hongmen,F,Violet
Phillips,Pélagie,,F,Puce
Porter,Annotée,Sokółka,M,Orange
Garrett,Åsa,San Lorenzo de Esmeraldas,M,Fuscia
Price,Bérénice,Qingshi,F,Crimson
Wright,Séverine,Baculin,M,Pink
Andrews,Joséphine,Allealle,F,Khaki
Gonzalez,Åslög,Tambakan,F,Crimson
George,Erwéi,Nawābganj,M,Fuscia
Wright,Mélissandre,Nowshera,M,Crimson
Medina,Adélie,Longping,M,Violet
Ortiz,Audréanne,Fengxian,M,Fuscia
Ryan,Andrée,Hanlin,M,Yellow
Harrison,Tú,Båstad,F,Khaki
Stephens,Ruò,Opočno,F,Violet
Ramos,Maéna,Glendale,F,Maroon
Henderson,Réservés,Santa Cruz,M,Mauv
Lawrence,Lèi,Al Jubayhah,F,Red
Graham,Stévina,Itumbiara,M,Crimson
Payne,Laurélie,Masjed Soleymān,M,Mauv
West,Céline,Ushibuka,M,Pink
Perry,Célestine,Příšovice,M,Yellow
Bell,Crééz,Chīchāwatni,F,Goldenrod
Jordan,Yáo,Zhaiwu,M,Khaki
Adams,Ruì,Kawęczyn,M,Green
Henderson,Véronique,Nantes,M,Pink
Hunter,Uò,Maracás,F,Teal
Mitchell,Judicaël,Vichadero,F,Indigo
George,Lorène,Broby,M,Fuscia
Boyd,Clémentine,Sammatti,F,Pink
Pierce,Maëlle,Esperalvillo,M,Puce
Garza,Aí,Muleng,M,Goldenrod
Welch,Séréna,Jesús Menéndez,F,Crimson
Peters,Maïlis,Ovruch,M,Red
Hanson,Clémence,Kediri,F,Red
Schmidt,Maëline,General Roca,M,Purple
Graham,Märta,Paamiut,F,Purple
Reyes,Céline,Melikkrajan,F,Red
Evans,Garçon,Szczurowa,F,Indigo
Bennett,Bérangère,,F,Aquamarine
Fuller,Yóu,São João,F,Orange
Ramirez,Léana,Jiaoshanhe,M,Maroon
Simmons,Miléna,Thaton,M,Khaki
Montgomery,Maïwenn,Mogoditshane,M,Puce
Turner,Lucrèce,Fundación,F,Orange
Gordon,Véronique,Ubud,M,Khaki
Porter,Liè,Năm Căn,F,Goldenrod
Gonzales,Judicaël,Aengceleng,M,Yellow
Palmer,Léonore,Jūybār,M,Crimson
Sanchez,Frédérique,Denton,M,Aquamarine
Morales,Thérèse,El Paso,M,Goldenrod
Miller,Cloé,São Sebastião do Passé,M,Teal
Jacobs,Andréanne,Totoral,,Puce
Ray,Táng,Sepanjang,M,Puce
Larson,Björn,Kagawasan,M,Goldenrod
Hernandez,Kù,Bohorodchany,F,Orange
Hernandez,Réjane,Jimsar,F,Indigo
Perez,Personnalisée,Thị Trấn Tà Lùng,F,Violet
Thomas,Andrée,Khoroshëvo-Mnevniki,M,Yellow
Chapman,Médiamass,Putou,M,Maroon
Riley,Måns,Kalipucang,F,Red
Gardner,Néhémie,Paris 19,M,Fuscia
Oliver,Thérèsa,Zhen’an,M,Teal
Black,Bérengère,Tân Hiệp,M,Goldenrod
Allen,Solène,Paisha,F,Indigo
Coleman,Véronique,Béziers,M,Yellow
Phillips,Maëlle,Manicahan,F,Red
Harris,Danièle,Xingxi,M,Pink
Carroll,Cinéma,Kedung,M,Indigo
Peterson,,Jasugih Selatan,F,Pink
Jordan,Cloé,Shejiang,F,Maroon
Lynch,Alizée,Ares Tengah,F,Goldenrod
Edwards,Méghane,Daciyao,M,Green
Russell,Maëlla,La Unión,F,Khaki
Richards,Erwéi,Atães,M,Goldenrod
Mills,Ráo,Bitanjuan,F,Purple
Montgomery,Håkan,Socorro,M,Turquoise
Bennett,Néhémie,Saint-Ouen,M,Teal
Powell,Marie-ève,Taipingying,F,Yellow
Meyer,Méthode,Ševica,M,Goldenrod
Davis,Méng,Geghanist,M,Mauv
Mcdonald,Rébecca,Bojongsari,M,Orange
Weaver,Mélinda,Shuangjie,M,Fuscia
Sullivan,Maï,Chafé,M,Khaki
Morgan,Nélie,Shangxing,M,Yellow
Andrews,Véronique,Kristiansand S,M,Indigo
Hall,Anaé,Chang’an,M,Red
Ortiz,Bérengère,Dingjiaqiao,M,Orange
Austin,Erwéi,Myrnyy,F,Khaki
Hawkins,Anaëlle,Wādī as Salqā,F,Teal
Stewart,Joséphine,Demak,M,Mauv
Nichols,Lén,Dulangan,F,Crimson
Robinson,Zhì,Pushkinskiye Gory,F,Orange
Adams,Björn,Zhengguo,F,Indigo
Butler,Dù,Mashi,M,Teal
Flores,Cinéma,Swords,M,Teal
Hanson,Bécassine,Zielonki,F,Purple
Hanson,Åke,Norrköping,F,Mauv
Jacobs,Uò,Huzhuang,F,Red
Fuller,Kù,East End,F,Green
Wheeler,Wá,Lysá nad Labem,M,Yellow
Walker,Maïly,Jinshan,F,Yellow
Kennedy,Nadège,Pulopaya,F,
Robinson,Åsa,Gnojnik,F,Turquoise
Morris,Nuó,Qi’an,F,Blue
Wheeler,Séverine,Duas Igrejas,M,Khaki
Reed,Estée,,M,Maroon
Patterson,Torbjörn,,M,Yellow
Lawson,Rébecca,Kadujangkung,F,Yellow
Gutierrez,Ruì,Xiushan,M,Maroon
Gilbert,Daphnée,Las Lajas,F,Pink
Austin,Stéphanie,Acul du Nord,M,Teal
Gardner,Andréa,Morje,M,Aquamarine
Lawrence,Réservés,Vale de Madeiros,M,Pink
Henry,Maëlann,Babakanjaya,M,Maroon
Gray,Publicité,Fenglai,M,Fuscia
Gray,Illustrée,Chulabhorn,M,Pink
Mitchell,Mélys,Salimbao,M,Orange
Hawkins,Zoé,Shimabara,M,Mauv
Peterson,Simplifiés,Bolboc,F,Green
Stewart,Mélia,Montpellier,F,Indigo
Garza,Desirée,Shiniujiang,M,Yellow
Thompson,Pénélope,Santa Clara,M,Yellow
Gonzales,Jú,Helsingborg,F,Goldenrod
Duncan,Amélie,Falun,M,Mauv
Morrison,Méryl,Nagareyama,F,Khaki
Armstrong,Valérie,Värmdö,F,Mauv
Allen,Zoé,Červené Pečky,F,Blue
Harrison,Illustrée,Pathum Rat,M,Pink
Lawrence,Mélanie,Zhuxi,F,Indigo
Larson,Léone,Bangbayang,F,Yellow
Price,Gösta,Shangganshan,M,Crimson
Gonzalez,Lóng,São Marcos da Serra,F,Violet
Rodriguez,Michèle,Hengzhou,,Orange
Alvarez,Kallisté,Oriximiná,F,Maroon
Jackson,Ophélie,Frashër,M,Green
Richards,Mélanie,Pamedaran,M,Fuscia
Harris,,Saint-Denis,F,Red
Coleman,Athéna,Kachkanar,F,Violet
Robinson,Publicité,Datar,F,Goldenrod
Gilbert,Médiamass,Yevpatoriya,M,Aquamarine
Miller,Mylène,Vyshchetarasivka,F,Maroon
Elliott,Håkan,Luboń,F,Blue
Walker,Thérèsa,Sembon,,Aquamarine
Russell,Léana,Helsingborg,F,Blue
Ray,Yénora,Smiths Falls,M,Pink
Hayes,Loïca,Wulin,F,Fuscia
Turner,Märta,Hushan,F,Goldenrod
Fox,Marie-hélène,Lecong,M,Crimson
Berry,Pò,Cete,F,Crimson
Perez,Cléopatre,Jedlová,M,Aquamarine
Arnold,,Buka,M,Fuscia
Anderson,Åke,Ashibetsu,M,Puce
Ford,Maëlys,La Ravoire,F,Green
Mitchell,Lorène,Beidajie,F,Blue
Freeman,Lauréna,Quận Phú Nhuận,F,Green
Chapman,Véronique,Palguyod,F,Pink
Morrison,Edmée,Ikar,M,Maroon
Kelley,Örjan,Saint-Jean-de-Védas,F,Purple
Harper,Réservés,Tangxi,F,Goldenrod
Price,Hélèna,Nueva Guinea,F,Teal
Freeman,Anaé,Thaon-les-Vosges,F,Fuscia
Gardner,Bénédicte,Jinzipai,M,Purple
Miller,Camélia,Perzów,M,Yellow
Griffin,Léonore,Banquero,M,Green
Stevens,Kù,Jetak Kulon,F,Maroon
Holmes,Andréa,Shāhpur Chākar,M,Maroon
Larson,Nélie,Brandsen,M,Red
Mccoy,Edmée,Meijiahe,F,Orange
Tucker,,Frei,F,Pink
Myers,Yú,Oganlima,M,Fuscia
Martin,Solène,Honolulu,F,Green
Ray,Maëly,Tahe,M,Purple
Thomas,Illustrée,Debesy,M,Pink
Hamilton,Daphnée,Popayán,F,Red
Thomas,Méryl,Vyzhnytsya,M,Orange
Warren,Miléna,Daguma,F,Maroon
Moore,Gisèle,Venda do Alcaide,F,Fuscia
Fuller,Liè,Georgetown,,Pink
Martin,Léane,Haukipudas,M,Pink
Myers,Mélia,Tarbes,F,
Crawford,Léandre,Fernando de Noronha (Distrito Estadual),M,Turquoise
Russell,Célia,Barueri,M,Orange
Medina,,Bálsamo Oriental,F,Crimson
Vasquez,Miléna,Las Palmas,F,Purple
Little,Cinéma,Smolenka,F,Khaki
Matthews,Loïca,Nankāna Sāhib,F,Teal
Arnold,Océane,Omsukchan,F,Orange
Gilbert,Marie-ève,Montenegro,M,Crimson
Willis,Andréa,Gò Quao,F,Mauv
Castillo,Marlène,Lezhë,F,
Myers,Eloïse,Houzhai,M,Crimson
Perez,Réservés,Shijiao,F,Teal
Richards,Céline,Doksy,M,Maroon
Thomas,Maëlann,Aeteke,M,Yellow
Crawford,Noémie,Nagai,F,Violet
Reed,Rachèle,Corralito,M,Mauv
Gardner,Aloïs,,M,Goldenrod
Daniels,Marie-françoise,Mount Darwin,M,Blue
Hill,Maëlyss,Västra Frölunda,F,Red
Diaz,Marlène,La Coipa,F,Indigo
Torres,Eléa,Lom Sak,M,Crimson
Gray,Pénélope,Santa Quitéria do Maranhão,M,Aquamarine
Carpenter,Gaëlle,Granada,F,Purple
Moore,Joséphine,Sukorejo,F,Teal
Hawkins,Yáo,Phra Pradaeng,F,Violet
Morris,Aurélie,Waingapu,F,Pink
Brooks,Maïwenn,Palangan,M,Goldenrod
Thomas,Andréa,Mananara,M,Red
Sanders,Publicité,Zhichu,F,Green
Morrison,Méline,Ciudad Choluteca,F,Violet
Butler,Rachèle,Giade,M,Crimson
Davis,Léonore,Puck,F,Purple
Greene,Pål,Keti Bandar,,Indigo
Duncan,Clélia,Dembī Dolo,M,Green
Stevens,Léane,Asahbadung,M,Teal
Cunningham,Almérinda,Tuanzhou,M,Violet
Fox,Maïwenn,Saatlı,M,Crimson
Snyder,Valérie,Budenovetc,F,Puce
Sanchez,Judicaël,Balzers,F,Puce
Ray,André,Casuguran,M,Crimson
King,Ruì,Stockholm,M,Green
Phillips,Maï,,M,Aquamarine
Fox,Miléna,Verkhniy Baskunchak,M,Crimson
Richards,Rébecca,Novopokrovskaya,F,Khaki
Murray,Méryl,Pederneiras,M,Purple
Murphy,Véronique,Sabang,M,Crimson
Ryan,Pål,Stryszawa,M,Blue
Parker,Léandre,Cela,M,Indigo
Martinez,Bérénice,Grahamstown,F,Indigo
Wells,Maïwenn,Hashtpar,F,Fuscia
Cole,Örjan,Līkak,M,Maroon
Johnson,Marie-thérèse,Mīzan Teferī,M,Maroon
Burke,Océane,Thākurgaon,F,Khaki
Cooper,Lucrèce,Ylihärmä,M,Aquamarine
Chavez,Athéna,Karanggedang,F,Indigo
Morales,Gaëlle,Taber,F,Red
Gutierrez,Bécassine,Satinka,F,Red
Olson,Gwenaëlle,Lakki Marwat,M,Orange
Green,Maéna,Siaya,M,Green
Lawson,Vénus,Lambton Shores,M,Maroon
Graham,Kévina,Banjar Parekan,F,Teal
Romero,Styrbjörn,Bairro do Margaça,M,Red
Dixon,Amélie,Shuiying,F,Khaki
Crawford,Clémentine,Dailing,M,Khaki
Turner,Publicité,Diamantina,M,Violet
Coleman,Mélinda,Manzanillo,M,Violet
Frazier,Håkan,Chiang Mai,F,Yellow
Sanders,Hélèna,Date,F,Aquamarine
Graham,Illustrée,Sintra,M,Fuscia
Peters,Noémie,Konyshevka,F,Puce
Moore,Mégane,Trinidad,M,Blue
Alvarez,Angèle,Orangeville,M,Yellow
Weaver,Gaëlle,Zaragoza,M,Violet
Lane,Maïwenn,Pindi Gheb,F,Khaki
Green,Lén,Mogocha,M,Purple
Carpenter,Stéphanie,Qiangtou,F,Blue
Gibson,Mélanie,Pendawanbaru,F,Pink
West,Maëlys,Valence,M,Yellow
Gomez,Bérangère,Sampaio,M,Teal
Grant,Angélique,Pacho,M,Purple
Stewart,Annotés,Mulan,M,Khaki
Castillo,Yè,De la Paz,M,Red
Dunn,Annotés,Xiong’erzhai,F,Violet
Day,Loïca,Candon,F,Pink
Taylor,Marylène,Nanzamu,M,Yellow
Martin,Alizée,,M,Crimson
Little,Cléa,Targuist,F,Indigo
Hawkins,Marie-ève,Afántou,F,Maroon
Hawkins,Eloïse,Krzepice,M,Blue
Brown,Örjan,Ath,F,Red
Burke,Loïc,Regla,F,Maroon
Jenkins,Håkan,Hulyaypole,F,Crimson
Cunningham,Marie-noël,Shuishi,F,Aquamarine
Hunt,Véronique,Point Hill,F,Puce
Reyes,Amélie,Sulyukta,M,Purple
Morrison,Océane,Nijmegen,F,Khaki
Murphy,Béatrice,Banfora,F,Goldenrod
Perez,Céline,Bungursari,F,Maroon
Harrison,Cléa,Camp Flora,F,Crimson
Holmes,Néhémie,Kudinovo,F,Fuscia
Greene,Hélèna,Santa Cruz Muluá,M,Teal
Boyd,Renée,Chengnan,F,Crimson
Gray,Maïly,Vaiņode,F,Crimson
Phillips,Gaétane,Plaški,M,Fuscia
Hernandez,Aimée,Áyios Nikólaos,F,Crimson
Ray,Véronique,Żarki,M,Goldenrod
Hawkins,Françoise,Xiangyun,F,Crimson
Payne,Maéna,Shebalino,F,Goldenrod
James,Aí,Bima,F,Maroon
Andrews,Östen,Nagrog Wetan,M,Goldenrod
Ortiz,Bécassine,Dushan,F,Turquoise
Meyer,Salomé,Solnice,F,Teal
Greene,Yóu,Jiji,F,Crimson
Russell,Amélie,Sindangsari,F,Purple
Mendoza,Inès,Log pri Brezovici,M,Crimson
Graham,Inès,Sumberagung,M,Indigo
White,Illustrée,Ebaye,F,Turquoise
Ortiz,Daphnée,Sotteville-lès-Rouen,F,Pink
Duncan,Daphnée,Caen,F,Puce
Sullivan,Léone,Sölvesborg,M,Crimson
Peterson,Séverine,Gongyi,M,Blue
Hayes,Örjan,Saguday,F,Mauv
Johnson,Maëlys,Drnje,F,Fuscia
Burton,Noëlla,Greensboro,M,Maroon
Roberts,Ruò,Bagangan,M,Orange
Rogers,Danièle,Göteborg,M,Red
Cook,Aí,Bogi,,Yellow
Ferguson,Laïla,Shemursha,M,Indigo
Hanson,Lèi,Sumberan,F,Indigo
Welch,Kuí,Ikeja,F,Fuscia
Edwards,Andréa,Siborong-borong,F,Maroon
Powell,Lauréna,Ban Lam Luk Ka,M,Pink
Perkins,Laurélie,Gelgaudiškis,F,Indigo
Lawrence,Måns,Kansas City,M,Aquamarine
Sullivan,Maïly,Vukatanë,F,Pink
Armstrong,Crééz,,M,Crimson
Harvey,Edmée,Pozhang,F,Teal
Campbell,Hélèna,Svetlyy,F,Goldenrod
Moreno,Adélie,Prostki,F,Pink
Parker,Danièle,Sairam,M,Khaki
Ray,Amélie,Båstad,F,Fuscia
Thomas,Noëlla,Flen,F,Blue
Hicks,Léandre,Lidköping,F,Pink
Washington,Laurélie,Sōja,F,Red
Murray,Thérèsa,Toledo,F,Aquamarine
Owens,Méryl,Chengzhai,M,Indigo
Jordan,Cléa,Comodoro Rivadavia,F,Green
Kennedy,Camélia,Savalou,M,Maroon
Miller,Valérie,Ḩawsh ‘Īsá,F,Maroon
Jacobs,Irène,Banjar Triwangsakeliki,F,Fuscia
Wagner,Kévina,New Bedford,F,Violet
Ross,Alizée,Samara,M,Crimson
Hall,Béatrice,Sâmraông,F,Green
Lawson,Crééz,Karney Shomron,M,Purple
Arnold,Thérèse,Dayton,F,Puce
Harvey,Bénédicte,Banī Mazār,M,Khaki
Gonzalez,Dù,Karangpao,M,Maroon
Washington,Judicaël,Bélabo,F,Yellow
Gardner,Irène,Randu,M,Violet
Kennedy,Marie-noël,Sobral,,Purple
Howard,Gaétane,Bagumbayan,M,Crimson
Schmidt,Miléna,Daliuhang,M,Mauv
Arnold,Thérèse,Pangal Sur,F,Indigo
Reyes,Célestine,Kaputian,F,Yellow
Dunn,Audréanne,Pleiku,F,Purple
Alexander,Loïc,Santa Marta,F,Teal
Pierce,Uò,Vasylkiv,F,Green
Carpenter,Réservés,Jurak Lao’,M,Puce
Black,Torbjörn,Chenggang,M,Teal
Burns,Tú,Yalukou,M,Fuscia
Ortiz,Anaé,Sundsvall,F,Pink
Diaz,Marie-françoise,Bronx,M,Blue
Harrison,Naëlle,Huangben,,Pink
Gonzalez,Daphnée,Gualán,F,Violet
Torres,Amélie,Ajaccio,F,Aquamarine
Hanson,Gwenaëlle,Yuhang,F,Khaki
Smith,Sélène,Widuchowa,F,Pink
Woods,Mélinda,Sørvágur,F,Red
Lopez,Ruò,Ljungby,F,Violet
Gomez,Ruì,Fort Smith,F,Turquoise
Green,Yóu,Maradi,M,Red
Ruiz,Lucrèce,Krajan,F,Purple
Stone,Stévina,Drawsko,F,Puce
Harris,Edmée,Теарце,F,Mauv
Bailey,Mahélie,Kasama,F,Puce
Shaw,Maéna,San Isidro,M,Goldenrod
Sullivan,Marlène,Cerenti,M,Yellow
Reid,Clémence,Buenos Aires,M,Yellow
Ross,Gaétane,Ellinikó,M,Khaki
Garcia,Tán,Huji,M,Turquoise
Grant,Hélène,Pakenjeng,M,Maroon
Brooks,Sòng,Subusub,F,Maroon
Stephens,Erwéi,Al Fākhūrah,M,Purple
Wheeler,Loïca,Concepcion,M,Yellow
Burns,Françoise,Maisons-Laffitte,F,Teal
Mendoza,Maïté,Linhó,M,Teal
Crawford,Noémie,Memphis,M,Green
Clark,Maéna,Sanguansi,F,Red
Weaver,Marie-ève,Pitanga,M,Yellow
Evans,Clélia,Nanling,M,Khaki
Boyd,Michèle,Borgo Maggiore,M,
Austin,Géraldine,"Las Vegas, Santa Barbara",M,Crimson
Hawkins,Bérénice,Villa Ojo de Agua,M,Pink
Perez,Geneviève,Yuping,F,Puce
Alexander,Simplifiés,Foz Giraldo,M,Pink
Turner,Björn,Āsasa,,Indigo
Long,Geneviève,Qohord-e Bālā,M,Crimson
Garrett,Märta,Annacotty,F,Khaki
Henderson,Görel,Xianglong,F,Green
Chavez,Torbjörn,Hexi,F,Aquamarine
Harvey,Néhémie,Stapleford,M,Crimson
Rivera,Maïwenn,Casillas,M,Mauv
Wallace,Uò,Chicama,M,Mauv
Gibson,Angélique,Fayaoué,F,Green
Sanchez,Gwenaëlle,Deán Funes,F,Violet
Riley,Adélie,Ape,M,Orange
West,Ruì,,M,Purple
Ortiz,Valérie,Drochia,F,Maroon
Walker,Ráo,Linan,F,Khaki
Reid,Noémie,Xiamao,M,Puce
Webb,Loïs,Pedinó,M,Yellow
Thomas,Gérald,,M,Crimson
Lynch,Tán,Solčava,M,Red
Wheeler,Bénédicte,Richky,M,Violet
Mason,Faîtes,Tynne,F,Violet
Hart,Mélina,Useldange,F,Purple
Griffin,Mélys,Itapeva,F,Fuscia
Sullivan,Aloïs,Slatyne,,Blue
Little,Léana,Krasae Sin,M,Violet
Wood,Aí,Bakau,M,Violet
Gomez,Cunégonde,Krzyżowice,M,Maroon
Gibson,Lorène,San Diego,F,Pink
Thompson,Mylène,Arfará,F,Yellow
Simmons,Athéna,Būrkah,M,Purple
Hughes,Loïc,Padangbatung,F,Yellow
Stephens,Kuí,Staryy Dobrotvir,M,Crimson
Burton,Naëlle,Rēzekne,F,Fuscia
Wright,Annotée,Ituiutaba,M,Khaki
Lee,Josée,Palhoça,M,Violet
Ross,Célia,Cartagena,M,Violet
Phillips,Gwenaëlle,Yelyzavethradka,F,Yellow
Reynolds,Åsa,Maralal,F,Indigo
Long,Kallisté,Carleton Place,M,Fuscia
Foster,Irène,La Libertad,M,Teal
Ruiz,André,Nazareth,F,Khaki
Mills,Börje,Ansheng,M,Pink
Richards,Cinéma,Pionerskiy,M,Puce
Robinson,Maëlys,Visby,M,Maroon
Morrison,Illustrée,Salaberry-de-Valleyfield,M,Khaki
Washington,Bérengère,Tangpu,F,Indigo
Romero,Göran,Jetis,M,Indigo
Hill,Léana,,F,Crimson
Marshall,Nélie,Ranua,F,Puce
Lawrence,,Ferreira do Alentejo,F,Purple
Duncan,Françoise,Gaopi,F,Puce
Torres,Lèi,Svislach,M,Maroon
Mills,Märta,Bojonegoro,F,Maroon
Pierce,Eléonore,Kalasin,F,Puce
Diaz,Aurélie,Las Vegas,M,Crimson
Webb,Ophélie,Pak Phli,F,Puce
Mcdonald,Clélia,Soutelo,M,Khaki
Bradley,Torbjörn,Elbasan,F,Green
Sims,Océane,Batasan,M,Crimson
Rice,Méline,Biharamulo,F,Khaki
Franklin,Ophélie,Novopokrovka,F,Indigo
Frazier,Maëlann,Luoyang,F,Orange
Ferguson,Kuí,Garunggang,M,Fuscia
Taylor,Simplifiés,Passo Fundo,F,Goldenrod
Murray,Maïlis,Sanqiao,F,Orange
Meyer,Maëlyss,Taoxi,M,Crimson
Morris,Zoé,Moyamba,F,Fuscia
Wood,Mélodie,Lishan,F,Turquoise
Wallace,Zoé,Vergara,F,Teal
Jackson,Ruì,Petropavlovsk,F,Indigo
Dean,Geneviève,Pasirnangka,M,Yellow
Reid,Hélèna,Xiangcheng,F,Fuscia
Howard,Åke,Manchester,F,Violet
Shaw,Mélissandre,Blois,M,Orange
Arnold,Yáo,Gezan,M,Pink
Patterson,Annotés,Awayan,M,Turquoise
Porter,Eugénie,Oklahoma City,F,Violet
Day,Intéressant,Serebryanyye Prudy,M,Teal
Moreno,Cléa,Easington,F,Orange
Morales,,Villa Constitución,M,Goldenrod
Martinez,Lài,Jiefu,M,Puce
Lee,Valérie,Dayingjie,F,Indigo
Rice,Gisèle,Shichuan,M,Yellow
Stephens,Loïs,,M,Crimson
Henry,Irène,,F,Orange
Cox,Renée,Comendador,,Indigo
Stone,Mélia,Esplanada,F,Maroon
Walker,Lèi,Tarrafal,M,Goldenrod
Burns,Kuí,Nowy Dwór Mazowiecki,F,Green
Ellis,Lén,Bāglung,M,Khaki
Washington,Rachèle,Kakegawa,F,Violet
Flores,André,Mutatá,F,Mauv
Wheeler,Céline,Mekarsari,M,Yellow
Lopez,Léana,Sumberjo,F,Turquoise
Morris,Crééz,Kuching,M,Goldenrod
Howell,Marie-françoise,Ganta,F,Turquoise
Armstrong,Dorothée,La Sarrosa,M,Blue
Wood,Maëlle,Erdaocha,M,Khaki
Bowman,Torbjörn,Sattahip,M,Goldenrod
Edwards,Simplifiés,Haczów,M,Crimson
Cox,Wá,Łętownia,M,Green
Medina,Pål,Kerrobert,F,Green
Perkins,Andrée,Cirompang,M,Pink
Stephens,Hélèna,Xinying,M,Blue
Fowler,Angèle,Shanting,M,Goldenrod
Ray,Camélia,Paris 13,F,Orange
Holmes,Méryl,Soufrière,M,Red
Wheeler,Dù,Bang Kho Laem,M,Fuscia
Mitchell,Gösta,Waterloo,F,Fuscia
Carter,Alizée,Yangdang,M,Green
Coleman,Kévina,Sumuran,M,Blue
Knight,Mélys,Launceston,F,Violet
Harrison,Crééz,Ban Na San,M,Khaki
Henderson,Yú,Lai Cách,M,Violet
Ryan,Kuí,Krasnystaw,F,Red
Bryant,Faîtes,Yarang,F,Red
Peters,Yú,Changfu,M,Green
Black,Amélie,Shāzand,M,Pink
Gonzales,Sòng,Abay,M,Violet
Carpenter,Mén,Borisova Griva,F,Indigo
Richards,Cunégonde,Cikalong,F,Crimson
Sims,Stéphanie,Urshel’skiy,F,Aquamarine
Burton,Méline,Novoanninskiy,F,Crimson
Fields,Tú,Babushkin,F,Orange
Collins,Anaïs,Majie,F,Crimson
Kelley,Lucrèce,Dalun,F,Aquamarine
Price,Ruì,Sungaikakap,M,Blue
Jacobs,Méghane,Wierzchowo,F,Puce
Patterson,Håkan,Ettal,M,Orange
Burton,Yè,Jianguang,M,Red
Collins,Véronique,Pancur,M,Turquoise
Sims,Eliès,Hallstahammar,F,Green
Castillo,Réservés,Hengqu,M,Purple
Gray,Eugénie,Mórrope,F,Aquamarine
Banks,Åsa,Sunjia,F,Yellow
Armstrong,Renée,Baiyun,M,
Mitchell,Dà,Nebug,M,Goldenrod
Long,Chloé,Sanyang,M,Pink
Boyd,Dafnée,Al Qurayn,M,Violet
Bell,Gaïa,Petersfield,M,Yellow
Torres,Thérèse,Firmat,M,Pink
Woods,Estée,,F,Mauv
Austin,Geneviève,Palangkaraya,M,Fuscia
Hunter,Kuí,Fulong,F,Aquamarine
Evans,Régine,Zürich,M,Purple
Green,Méng,Cherbourg-Octeville,M,Puce
Chavez,Sòng,Astorga,F,Purple
Spencer,Gaétane,Kiaranonggeng,M,Yellow
Morris,Mà,Miyang,M,Khaki
Harrison,Céline,Puputan,F,Crimson
Martin,Pò,Portela,F,Pink
Garrett,Méghane,Porto Ferreira,M,Violet
Ramirez,Pélagie,Copa,F,Crimson
Jordan,Célestine,Kawengan,,Blue
Simpson,Mélodie,,M,Aquamarine
Ryan,Chloé,Dnestrovsc,M,Puce
Carter,Dorothée,Vichy,F,Fuscia
Hernandez,Léandre,Ostashkov,M,Violet
Cole,Josée,Aubergenville,F,Turquoise
Crawford,Mélys,Talalayivka,F,Mauv
Ramirez,Mårten,Samadua,F,Pink
Ray,Gisèle,Arias,M,Green
Wagner,Ráo,Amparafaravola,F,Violet
Patterson,Garçon,Albi,F,Puce
George,Félicie,Shejiang,M,Crimson
Gibson,Gaïa,İsmayıllı,M,Purple
Gordon,Marie-hélène,Kotabaru,F,Purple
Nichols,Naëlle,Qacha’s Nek,M,Green
Hughes,Personnalisée,Zengguang,F,Orange
Little,Célestine,Estela,M,Khaki
Reynolds,Méline,Anfu,F,Turquoise
Robinson,Mårten,‘Akko,F,Purple
Stevens,Maïlis,Visby,M,Red
Bradley,Annotée,Kabankalan,M,Orange
Nguyen,Irène,Qiligang,M,Purple
Hughes,Aurélie,Dar Chabanne,M,Puce
Hunter,Annotés,Chambishi,M,Aquamarine
Morris,Océane,Placencia,F,Crimson
Barnes,Marie-ève,Nangan,M,Violet
Hunter,Aimée,Guadalupe,M,Crimson
Wells,Maëlyss,Griboyedov,F,Violet
Butler,Björn,Arroio do Meio,F,Purple
Thompson,Clélia,Sävsjö,F,Red
Nichols,Marie-noël,Biyan,F,Violet
Ferguson,Marie-ève,Ternovka,M,Teal
Montgomery,Béatrice,Sambongpari,M,Blue
Ryan,Bérangère,Karditsomagoúla,M,Violet
Knight,Eléa,Kitakyūshū,M,
Carroll,Clémentine,Kuala Lumpur,F,
Adams,Anaëlle,Baishui,M,Teal
Oliver,Fèi,Göteborg,M,Blue
Thomas,Frédérique,,M,Maroon
Burke,Börje,Chiţcani,F,Turquoise
Burns,Åslög,Semanding Barat,M,Purple
Ryan,Yáo,Lima,M,Maroon
Anderson,Solène,Chabany,M,Goldenrod
Meyer,Maïwenn,Nong Kung Si,F,Fuscia
Murphy,Ophélie,Kisumu,F,Puce
Powell,,Banjar Banyualit,M,Orange
Hamilton,,Rubizhne,M,Orange
Rice,Maëlyss,Zhouling,M,Pink
Castillo,Félicie,Pescara,M,Crimson
Harrison,Maëly,Pathum Rat,M,Orange
Sims,Naéva,Datong,M,Crimson
Garcia,Mahélie,Saint Lucia,M,Violet
Porter,Kévina,Birmingham,F,Pink
Howell,Pélagie,Pahārpur,M,Green
Boyd,Daphnée,Locminé,M,Indigo
Kim,Chloé,,M,Khaki
Burke,Rachèle,Banjar Pande,F,Puce
Gilbert,Mårten,Sho’rchi,F,Mauv
Hunter,Örjan,Banjar Bucu,F,
Schmidt,Maïlis,Jiangqiao,F,Red
Wagner,Alizée,Uinskoye,M,Turquoise
Allen,Marylène,Palaiópyrgos,F,Puce
Wheeler,Solène,Luofang,F,Turquoise
Ward,Loïca,Tsingoni,F,Mauv
Brooks,Dà,Pucacaca,F,Fuscia
Howard,Anaïs,Xiaxindian,M,Teal
Evans,Bérangère,Strančice,M,Purple
Hunter,Bérangère,Utkivka,M,Aquamarine
Richards,Fèi,Bilozerka,M,Pink
Barnes,Nélie,Torbay,F,Puce
Patterson,Görel,Fazenda de Santa Cruz,F,Orange
Boyd,Görel,General Arenales,M,Puce
Weaver,Valérie,Nacaome,F,Red
Little,Thérèsa,Buan,M,Teal
Stevens,Publicité,Gorjani,F,Turquoise
Austin,Edmée,Stockholm,F,Blue
Flores,Chloé,Qinglin,M,Blue
Black,Laurélie,Quebracho,F,Indigo
West,Eléa,Bukama,F,Purple
Weaver,Cléa,Slovenska Bistrica,F,Crimson
Williamson,Zhì,Mashiko,M,Puce
Harper,Audréanne,Arzakan,M,Maroon
Holmes,Léandre,Osielsko,F,Blue
Reyes,Ruò,Zhize,M,Fuscia
Young,Yáo,Kittilä,M,Violet
Roberts,Cunégonde,Yaita,F,Red
Cooper,Laïla,Wādī as Sīr,F,Goldenrod
Collins,Måns,Shuangjing,M,Goldenrod
Pierce,Maëlyss,Skópelos,,Violet
Grant,Valérie,Vogar,F,Orange
Tucker,Anaël,Shangcai Zhongxing,F,Turquoise
Gordon,Adélaïde,Tambangan,M,Indigo
Dunn,Séréna,Vinces,F,Fuscia
Gonzalez,Daphnée,Qīr Moāv,F,Violet
Ramirez,Thérèse,Licheng,M,Maroon
Morrison,Stéphanie,Kotabaru,F,Indigo
Berry,Kallisté,Mala Danylivka,F,Puce
Garza,Maïté,Kalabo,F,Goldenrod
Ryan,Eugénie,Morez,F,Teal
Wells,Mélissandre,Chiriguaná,M,Maroon
Larson,Dafnée,Gala,M,Crimson
Lane,Eloïse,Clarin,F,Goldenrod
Porter,Félicie,Malianzhuang,,Purple
Fisher,Kuí,Suizhong,M,Red
Ward,Marie-françoise,Codoi,F,Indigo
Wright,Léana,Dodola,M,Aquamarine
Payne,Stéphanie,Bělá pod Bezdězem,F,Mauv
Hernandez,Illustrée,Bouabout,M,Yellow
Graham,Lorène,Bogor,F,Teal
Adams,Zoé,Obršani,F,Aquamarine
Andrews,Edmée,Chulakivka,M,Fuscia
Phillips,Gaïa,Kohlu,M,Mauv
Reynolds,Åsa,Colorado Springs,F,Aquamarine
Sanchez,Noémie,Changchuan,M,Khaki
Coleman,Dà,Puzi,F,Red
Black,Léonie,Wiesbaden,M,Turquoise
Garrett,Aí,La Asunción,M,Puce
Sims,Maëlyss,Yelizavetino,M,Mauv
Rose,Yóu,Şanā’,M,Green
Graham,Maëlann,Huitong,M,Mauv
Hudson,Léane,Monte Alegre,M,Red
Sullivan,Maëlann,Daban,M,Blue
Cooper,Judicaël,Kotabumi,F,Teal
Medina,Eléa,Barueri,M,Khaki
Scott,Mélina,Molodizhne,M,Goldenrod
Cole,Géraldine,Chayek,M,Puce
Walker,Estève,Bassila,M,Crimson
Carpenter,Maïly,Lanuza,F,Maroon
Howell,Régine,Kiloloran,M,Fuscia
Murphy,Aloïs,Jiaodai,F,Fuscia
Campbell,Béatrice,Tataouine,F,Green
Crawford,,Puerto Berrío,M,Red
Graham,Renée,Krajan Suko Kidul,F,Pink
Murray,Irène,Liuhuang,F,Maroon
Porter,Marie-ève,São Pedro,M,Blue
Hicks,Marie-noël,Jawf al Maqbābah,M,Pink
Graham,Josée,Radoboj,M,Crimson
Riley,Réservés,Zarszyn,M,Indigo
Griffin,Estée,Jankowice,F,
Morris,Aurélie,Stara Kiszewa,F,Turquoise
Hunt,Andréa,Teresita,M,Red
Richards,Nadège,Pionerskiy,M,Pink
Russell,Styrbjörn,Kunheda Woerzu Manzu,M,Blue
Tucker,Léone,Pilzno,F,Aquamarine
Gomez,Léa,San Juan,M,Mauv
Ryan,Maëlyss,Mulanay,F,Fuscia
Little,Pål,Tarub,M,Pink
Bowman,Mélissandre,Vergara,F,Teal
Matthews,Cloé,Rikitgaib,M,Purple
Wallace,Lucrèce,Bochum,F,Indigo
Moreno,Miléna,Kalebun,M,Yellow
Henderson,Ráo,Wonorejo,M,Maroon
Franklin,Lóng,,F,Blue
Fuller,Estée,Kano,M,Maroon
Montgomery,Maëlla,Atalhada,M,Mauv
Henry,Régine,Labrador,F,Yellow
Barnes,Amélie,Mozi,F,Goldenrod
Harris,Bénédicte,Río Viejo,M,Fuscia
Cook,Styrbjörn,Stamford,M,Fuscia
Webb,Yóu,Águas de Lindóia,M,Pink
Richardson,Rébecca,New York City,M,Mauv
Russell,Dù,Amizmiz,M,Violet
Fowler,Eliès,Zamostochcha,F,Violet
Freeman,Torbjörn,Kuala Lumpur,F,Khaki
Nelson,Aimée,Mislīyah,M,Orange
Peterson,Yáo,Agat Village,F,Violet
Gonzalez,Dù,Gitega,M,Yellow
Ramos,Méthode,Panjing,M,Goldenrod
Rodriguez,Salomé,Jiangbei,F,Crimson
Rose,Gaétane,Zhongzhai,M,Red
Duncan,Tú,Horní Štěpánov,M,Purple
Harper,Hélène,Botucatu,F,Aquamarine
Ray,Göran,Coronel Martínez,M,Green
Harris,Loïs,Stopnica,M,Indigo
Duncan,Eliès,Ševica,F,Violet
Woods,Thérèse,Korop,F,Khaki
Shaw,Mén,Zhangzhishan,M,Mauv
Hamilton,Vérane,Doudleby nad Orlicí,F,Indigo
Armstrong,Pò,Nizhnyaya Salda,F,Indigo
Williamson,Séverine,Lyaskelya,F,Puce
Armstrong,Géraldine,Kavieng,F,Khaki
Oliver,Athéna,Nkongsamba,F,Fuscia
Clark,Maëlann,Juan de Acosta,F,Maroon
Freeman,Athéna,Trondheim,M,Fuscia
Rogers,Mà,Mullagh,M,Pink
Weaver,Garçon,Lobito,M,Puce
Stevens,Marie-ève,San Ramon,F,
Harvey,Estève,Liyang,F,Orange
Ortiz,Håkan,Féres,M,Pink
Carroll,Naëlle,Ertai,M,Aquamarine
Davis,Illustrée,San Ricardo,M,Maroon
Brooks,Åsa,Örebro,F,Mauv
Ramirez,Joséphine,Huité,F,Purple
Diaz,Annotés,‘Awaj,F,Violet
Henry,Östen,Petaling Jaya,M,Khaki
Miller,Mårten,Amieira do Tejo,M,Goldenrod
Washington,Simplifiés,Rio Branco do Sul,M,Khaki
Carpenter,Aurélie,Bulri,M,Pink
Bowman,Bérengère,Pomacanchi,F,Khaki
Rodriguez,Bécassine,Mamali,M,Aquamarine
Ruiz,Régine,Dengok,F,Red
Hughes,Laïla,Shipu,F,Khaki
