Lee,Terry,El Espino,M,Orange
Wagner,Emily,Henan’an,F,Crimson
Cooper,Charles,Okahandja,M,Yellow
Harvey,Emily,San Silvestre,F,Turquoise
Thompson,,Marovoay,M,Aquamarine
Wallace,Dorothy,Horodok,F,Purple
Diaz,Fred,Sagarejo,M,Aquamarine
Dean,Bonnie,El Cerrito,F,Fuscia
Arnold,Christine,Paritaman,F,Indigo
Harris,Earl,Zhuravka,M,Pink
George,Sara,Chuquitira,F,Crimson
Day,Carol,Yongtai,F,Turquoise
Grant,Carol,Sulechów,F,Fuscia
Fields,Willie,,M,Green
Murray,Alan,,M,Blue
Long,Kathryn,Yelkhovka,F,Violet
Austin,Christina,Weligama,F,Green
Franklin,Helen,Łomża,F,Yellow
Duncan,Shawn,,M,Indigo
Bradley,Wanda,Siyang,F,Teal
Adams,Elizabeth,Irtyshskiy,F,Crimson
Bowman,Scott,Mbandaka,M,Red
Berry,Ann,Kubachi,F,Crimson
Dixon,Annie,Bungkal,F,Green
Duncan,Frank,Prochowice,M,Turquoise
Robinson,Louise,San Manuel,F,Turquoise
Hunt,Anthony,Akhaltsikhe,M,Violet
Harris,Marie,La Libertad,F,Crimson
Ward,Nicole,Golovinskiy,F,Red
Chavez,Gregory,Zarzis,M,Orange
Wagner,Paul,Bintawan,M,Turquoise
Howard,Ernest,Energeticheskiy,M,Orange
Lynch,Stephen,Zvezdara,M,Purple
Garza,Peter,Quimilí,M,Turquoise
Holmes,Julia,Vale de Vila,F,Purple
Hughes,Jimmy,Nanfeng,M,Green
Larson,Michael,Lenīnskīy,,Mauv
Roberts,Maria,Yaypan,F,Yellow
Reynolds,Barbara,Üydzen,F,Fuscia
Montgomery,Scott,Karangnunggal,M,Khaki
Young,Norma,Bernardo de Irigoyen,F,Puce
Young,Scott,Ha,M,Mauv
Campbell,Ryan,Pervomays’ke,M,Indigo
Myers,Lisa,Bila,F,Violet
Torres,Cheryl,Kāshmar,F,Green
Richardson,Kathy,Talok,F,Aquamarine
Elliott,Rebecca,Moju,F,Turquoise
Griffin,Diana,Buaran,F,Puce
Evans,Pamela,Ventsy,F,Maroon
Warren,Christopher,Banjar Laing,M,Red
Hart,Beverly,Ratnapura,F,Blue
Henry,Jerry,Dayou,M,Blue
Bishop,Sara,Abadiânia,F,Aquamarine
Hawkins,Gerald,Maglaj,M,Blue
Boyd,Nancy,Cigadog Hilir,F,Teal
Day,Benjamin,Chetian,M,Pink
Hughes,Irene,Nakhon Chai Si,F,Teal
Ortiz,Sara,Đống Đa,F,Pink
Perry,Cynthia,Jūybār,F,Orange
Morrison,Frank,Tsurugi-asahimachi,M,Khaki
Lawson,Kathryn,Hujra,F,
Mason,Kathy,Río Tercero,F,Fuscia
Garrett,,Vyatskiye Polyany,F,Puce
Bishop,Sarah,Khulm,F,Yellow
Allen,Lois,Agusan,F,Puce
Jones,Martin,Petřvald,M,Yellow
Johnston,Jack,La Cruz de Taratara,,Crimson
Williamson,Raymond,Prakhon Chai,M,Fuscia
Ellis,Wayne,Pingtian,M,Violet
Boyd,Carl,Saky,M,Indigo
Bailey,Kimberly,Ivot,F,Goldenrod
Robertson,Roger,Chalu,M,Orange
Elliott,Fred,Hakui,M,Purple
Stevens,Timothy,Balugo,M,Green
Ross,Brian,Tiexi,M,Mauv
Anderson,Joe,Sungai Raya,M,Khaki
Larson,Bruce,Ciudad Nueva,M,Aquamarine
Olson,Walter,Rufino,M,Indigo
Watkins,Jesse,Strzyżowice,M,Purple
Palmer,Daniel,Terawas,M,Blue
Schmidt,Deborah,Inriville,F,Red
Bishop,Barbara,Nurabelen,F,Khaki
Little,Debra,Cala,F,Pink
Taylor,Jimmy,Leicheng,M,Turquoise
Ray,Evelyn,Walce,F,Maroon
Smith,Anne,Huangshi,F,Goldenrod
Boyd,Sharon,Mpika,F,Orange
Chavez,Randy,Invermere,M,Indigo
Ryan,Jacqueline,Rozkishne,F,Khaki
Mendoza,Kevin,Pompéia,M,Orange
Carter,Rachel,Beška,F,Goldenrod
Hicks,Robert,Onokivtsi,M,Fuscia
Shaw,Roger,Sanjiao,M,Aquamarine
Kelley,Beverly,Usuki,F,Orange
Ward,Irene,Higuerote,F,Green
Ramos,Cheryl,Businga,F,Red
Jacobs,Christina,Lazaro Cardenas,F,Crimson
Ward,Steve,Bolkhov,M,Goldenrod
Webb,Beverly,Tall Tamr,F,Purple
Larson,Charles,Roubaix,M,Red
Kim,David,Muchkapskiy,M,Goldenrod
Smith,Harold,Lyon,M,Blue
Burns,Susan,Camindangan,F,Fuscia
Shaw,Ashley,Novyye Cherëmushki,F,Fuscia
Rivera,Gary,Daqiao,M,Blue
Green,Aaron,Onan Ganjang Satu,M,Orange
Meyer,Christine,Nhơn Trạch,F,Teal
Kennedy,Stephen,Maao,M,Red
Gomez,Anna,Sainte-Geneviève-des-Bois,F,Teal
Thompson,Beverly,Novo Aripuanã,F,Mauv
Greene,Jean,Buraen,F,Blue
Wright,Steve,Cherepovets,M,Fuscia
Riley,Angela,Thành Phố Bà Rịa,F,Blue
Jackson,Cynthia,Nagua,F,Goldenrod
Carr,Eugene,Stopnica,M,Orange
Ramos,Diana,Jingzhou,F,Red
Sims,Virginia,,F,Red
Henderson,Peter,Hakha,M,Mauv
Williams,Harold,Ban Thaen,M,Pink
Gomez,Cynthia,Baishi,F,Khaki
Sanchez,Todd,Sulangan,M,Goldenrod
Sanchez,Christina,Mina Clavero,F,Green
Clark,Maria,Vrakháti,F,Crimson
Lee,Jerry,Rawaapu,M,Purple
Mcdonald,Roy,Río Segundo,M,Teal
Rice,Craig,Jastrzębia,M,Puce
Coleman,Russell,Yaruchel,M,Teal
Williamson,Andrew,Bélel,M,Maroon
Ruiz,Paul,Cabadiangan,M,Pink
Morris,Melissa,Camacha,F,Violet
Fuller,Jack,Carmo do Cajuru,M,Fuscia
Scott,Alan,Kayakent,M,Crimson
Dunn,Deborah,Lyon,F,Orange
Lawrence,Ralph,Sila Lat,M,Yellow
Spencer,Debra,Iporá,F,Aquamarine
Mendoza,John,Shuangxing,M,Violet
Ramirez,Harry,Bicesse,M,Blue
Elliott,Randy,Bangker,M,Mauv
Franklin,Marie,Changning,F,Green
Montgomery,,Tulsa,M,Puce
Reynolds,Kevin,Sundsvall,M,Yellow
Edwards,Earl,Sheli,M,Orange
Wright,Todd,Al Ḩarf,M,Fuscia
Gonzales,Gerald,Dammarie-les-Lys,M,Red
Palmer,Julie,Altan-Ovoo,F,Orange
Austin,Diane,København,F,Violet
Brooks,Douglas,Shuanggang,M,Pink
Harper,George,Hedao,M,Goldenrod
Franklin,Jane,Campamento,F,Mauv
Mason,Juan,Trà Vinh,M,Mauv
Hart,Harry,Luleå,M,Green
Phillips,Margaret,Mufumbwe,F,Crimson
Robinson,Virginia,Takaishi,F,Green
Harper,Pamela,Kista,F,Violet
Richards,Marilyn,Swift Current,F,Red
Hayes,Patricia,Battung,F,Puce
Murphy,Judy,Cucutilla,F,Purple
Marshall,Joseph,Daweishan,M,Red
Scott,Barbara,‘Eilabun,F,Indigo
Reid,Gregory,Wilwerwiltz,M,Indigo
Weaver,Marie,Limoeiro do Norte,F,Purple
Berry,Benjamin,Buôn Trấp,M,Violet
Smith,Cheryl,Xicheng,F,Green
Harris,Jason,Francisco Villa,M,Blue
Lane,Cynthia,Nowe Warpno,F,Fuscia
Henderson,Brandon,Camacha,M,Green
Nichols,Terry,São Raimundo Nonato,M,Yellow
Bennett,Lori,Roissy Charles-de-Gaulle,F,Turquoise
Wood,Roy,,M,Goldenrod
Rodriguez,Larry,Orsha,M,Goldenrod
Cook,Mildred,Kaliterus,F,Violet
Wells,Ralph,Ludwigshafen am Rhein,M,Indigo
Gomez,Mildred,Donghe,F,Crimson
Murphy,Eric,Baisha,M,Yellow
Turner,Gary,Balangpule,M,Goldenrod
Phillips,Joyce,Caohezhang,F,Crimson
Snyder,Ernest,Jiujie,M,Aquamarine
Webb,Brenda,Yishui,F,Orange
Meyer,Cheryl,Moss,F,Aquamarine
Perry,Ruby,Närpes,F,Green
Harrison,Jose,Kemendung,M,Red
Montgomery,Carl,Ketangi,M,Green
Perez,Lillian,Olafulihaa,F,Yellow
Gonzales,Ernest,Ojo de Agua,M,Violet
Allen,Carolyn,Mogilany,F,Blue
Lopez,Joe,Chenchang,M,Yellow
Sullivan,Helen,Žacléř,F,Mauv
Davis,Alice,Springfield,F,Fuscia
Dixon,Harry,Syców,M,Fuscia
Medina,Russell,Jingjiang,M,Fuscia
Harris,Larry,Chvaletice,M,Indigo
Gonzales,Willie,Byczyna,M,Purple
Rodriguez,Charles,Candoso,M,Purple
Gordon,Jeffrey,Op,M,Red
Patterson,Cheryl,Alto del Espino,F,Aquamarine
Grant,Earl,Ise,M,Violet
Olson,Kenneth,Al Qaţīf,M,Turquoise
Wilson,Joyce,Valenciennes,F,Red
Snyder,Dennis,Daet,M,Yellow
Wood,Douglas,Xianning,M,Purple
Ray,Gregory,Wulong,M,Crimson
Cunningham,Mary,Maiwang,F,
Johnston,Louis,Jenggawah,M,Orange
Larson,Bobby,Jiangxiangzhen,M,Mauv
Ortiz,William,Thung Song,M,Fuscia
Watson,Jeffrey,Lāchi,M,Yellow
Carter,Charles,Kajaani,M,Khaki
Jenkins,Matthew,Baoshan,M,Green
Fowler,Bonnie,Dniprodzerzhyns’k,F,Pink
Chapman,Helen,Marisol,F,Red
Turner,Judith,Hongling,F,Teal
Bryant,Pamela,Åtvidaberg,F,Aquamarine
Phillips,Jessica,Mislak,F,Mauv
Pierce,Roger,Miguel Hidalgo,M,Fuscia
Campbell,,Karangboyo,F,Goldenrod
Palmer,Paula,Gardēz,F,Turquoise
Thomas,Albert,Kut Chap,M,Maroon
Stone,Phyllis,Ossora,F,Blue
Allen,Deborah,Giyon,F,Teal
Kennedy,Martha,Pilluana,F,Indigo
Armstrong,Keith,Bīrganj,M,Pink
Walker,Sharon,Zhourui,F,Teal
Jackson,Susan,Naivasha,F,Orange
Payne,Jesse,Tours,M,Orange
Watkins,Diana,Wufeng,F,Khaki
Welch,Brenda,Arroyo Naranjo,F,Red
Armstrong,Shawn,Xiangba,M,Mauv
Hawkins,Benjamin,Janaúba,M,Red
Cole,Ernest,Henglishan,M,Yellow
Rose,Jeffrey,Tangjian,M,Orange
Johnson,Robert,Stepnica,M,Yellow
Reynolds,Eugene,Manzil Bū Zalafah,M,Violet
Morales,Steve,Tembladera,M,Blue
Mcdonald,Richard,Leninsk,M,Turquoise
Hunt,Bonnie,Noebana,F,Orange
Martinez,Sandra,Gllogjan,F,Khaki
Bishop,Daniel,Dame-Marie,M,Green
Harvey,Mildred,Ishikawa,F,Purple
Hudson,Pamela,Xiangying,F,Crimson
Rodriguez,Robert,Kuma,M,Fuscia
Mills,Ashley,Urungpigang,F,Fuscia
Carroll,Larry,Kirkkonummi,M,Red
Ryan,Henry,Mangero,M,Blue
Fowler,Janet,Banho e Carvalhosa,F,Crimson
Wheeler,Todd,Xunjian,M,Green
Reyes,Paul,Muhos,M,Puce
Murphy,Jason,Izyaslav,M,Teal
Collins,Shawn,Zhukovo,M,Pink
Elliott,Anne,Qutun,F,Orange
Green,Margaret,Nanyulinxi,F,Khaki
Castillo,Linda,Dongbatu,F,Blue
Frazier,Ashley,Riyom,F,Green
Welch,Ruby,Dūkštas,F,Orange
Taylor,Alice,Velká Bystřice,F,Aquamarine
Fernandez,Nancy,San Nicolás,F,Goldenrod
Bishop,,Chapayevka,F,Yellow
Thompson,Daniel,San Miguel,M,Fuscia
Hicks,Doris,Leiwang,F,Maroon
Murphy,Christina,Ash Shiḩr,F,
Harper,Randy,Nova Friburgo,M,Maroon
Arnold,Elizabeth,Renhe,F,Violet
Watkins,Clarence,São João,M,Aquamarine
Fernandez,Richard,Libas,M,Fuscia
Bryant,Michael,Talin Hiag,M,Turquoise
Willis,Craig,Xiahong,M,Yellow
Kelley,Jessica,Ouidah,F,Puce
Perkins,Terry,El Carmen,M,Mauv
Larson,Joseph,Banjar Jabejero,M,Violet
Mendoza,Laura,Santiago del Torno,F,Blue
Hayes,Frances,Ban Dan,F,Khaki
Morgan,Christopher,Kumlinge,M,Khaki
Wright,Andrew,Liaozhong,,Fuscia
Stanley,Joseph,Oslo,M,Green
White,Brandon,Pinheiro,M,Pink
Cox,Paul,Baiyun,M,Aquamarine
Olson,Walter,Fengmen,M,Green
Alexander,Donna,Ban Talat Bueng,F,Crimson
Fuller,Janice,Panguna,F,Blue
Wood,Nancy,Alberton,F,Green
Hernandez,Jose,Klyuchevskiy,M,Orange
Jones,James,Jembangan,M,Crimson
Wright,Ralph,Tennō,M,Fuscia
Williams,Louise,Brooklyn,F,Crimson
Stephens,Kenneth,Dasuk,M,Yellow
Dean,Bonnie,Binjiang,F,Turquoise
Taylor,Ronald,Diaoling,M,Mauv
Burke,Victor,Lingdangge,,Goldenrod
Murray,Eric,Dob,M,Teal
Hudson,Martin,Sacramento,M,Puce
Davis,Mary,Taiping,F,Orange
Wilson,Jeremy,Leduc,M,Indigo
Burns,Christine,København,F,Maroon
Freeman,Martha,Dayr as Sūdān,F,Teal
Smith,Randy,San Juan Nepomuceno,M,Khaki
Hill,Sarah,Colón,F,Aquamarine
Rose,Willie,Yudong,M,Blue
Myers,Marie,Frederiksberg,F,Crimson
Richards,Shawn,,M,Indigo
Price,Harry,Magoúla,M,Purple
Morris,Mildred,Smínthi,F,Crimson
Evans,Evelyn,Frederiksberg,F,Turquoise
Cook,Susan,Horní Libina,F,Goldenrod
Perkins,Raymond,Yulong,M,Teal
Dixon,Wayne,Columbus,M,Maroon
Jones,Cynthia,Oemanu,F,Mauv
Hunter,Betty,Aianí,F,Fuscia
Gomez,Anthony,Riihimäki,M,Pink
Kelley,Patrick,Mateur,M,Crimson
Freeman,Kenneth,Almeria,M,Khaki
Martin,Brenda,Valcheta,F,Violet
Jordan,Rebecca,Perico,F,Khaki
Fisher,Debra,Melíssia,F,
Woods,Dennis,Pueblo Nuevo,,Violet
Sanders,Lawrence,Garagoa,M,Goldenrod
Mccoy,Kathy,Nadezhda,F,Goldenrod
Gilbert,Jose,Jinja,M,Yellow
Anderson,Justin,Nyazura,M,Indigo
Wheeler,Wayne,Wenfu,M,Yellow
Kennedy,Stephen,La Broquerie,M,Violet
Jordan,Anna,Vilarinho da Castanheira,F,Khaki
Garcia,Lawrence,Täby,M,Puce
Ellis,Debra,Nysa,F,Maroon
Walker,Diana,Mochudi,F,Goldenrod
Graham,Jonathan,Kodinsk,M,Khaki
Coleman,Michelle,Mahébourg,F,Maroon
Wagner,Benjamin,Changsha,M,Khaki
Lawson,Christopher,Catolé do Rocha,M,Fuscia
Foster,Lisa,Noen Maprang,F,Blue
Hudson,Nicole,Aleksotas,,Purple
Ford,Karen,Dubrovka,F,Violet
Medina,Ryan,Unidos,M,Teal
Howard,Thomas,Norton,M,Blue
Payne,Brenda,Miyoshi,F,Turquoise
Chavez,Ronald,Kopidlno,M,Yellow
Mason,Antonio,Moita,M,Crimson
Rivera,Edward,Bridgewater,M,Green
Ford,Chris,Nové Strašecí,M,Green
Ross,Jimmy,Villa Paula de Sarmiento,M,Maroon
Sanders,Judy,Pillpinto,F,Fuscia
Gonzales,Nancy,Tower,F,Violet
Stanley,Louis,Przemków,M,Khaki
Larson,Mary,Dongfu,F,Teal
Anderson,Randy,Nuits-Saint-Georges,M,Puce
Gordon,Amanda,Loakulu,,Blue
Kennedy,Justin,Lesnikovo,M,Orange
Fernandez,Todd,Gulariyā,M,Purple
Burns,Albert,Phoenix,M,Teal
Butler,Katherine,Meikeng,F,Goldenrod
Nelson,George,Vitry-le-François,M,Aquamarine
White,Jeffrey,Mariano Moreno,M,Goldenrod
Medina,Doris,Ikaalinen,F,Mauv
Gordon,Sean,Roslavl’,M,Mauv
Knight,Frances,Nanxia,F,Violet
Duncan,Peter,Umanday Centro,M,Green
Price,Roger,Les Sables-d'Olonne,M,Aquamarine
Hawkins,Margaret,Donglu,F,Red
Evans,Joe,Lidingö,M,Fuscia
Hanson,Richard,Dongjiao,M,Purple
Garrett,Andrea,São Mateus do Maranhão,F,Mauv
Rice,Nancy,Hatu Buh,F,Yellow
Chapman,Joseph,Malax,M,Aquamarine
Ross,Kathy,Ducheng,F,Teal
Mills,Ryan,Badou,M,
Oliver,Elizabeth,,F,Red
Harris,Judith,Toul,F,Aquamarine
Medina,Rachel,Neuss,F,Turquoise
Perry,Doris,Santa Cruz del Sur,F,Blue
Griffin,Ann,Mumias,F,Fuscia
Olson,Dennis,Labuhan,M,Fuscia
Gonzalez,Maria,Paris 15,F,Red
Duncan,Donna,Vřesina,F,Pink
Brooks,Amanda,Qinggou,F,
Mendoza,Earl,Jianggao,M,Orange
Gutierrez,John,Araucária,,Green
Olson,Alice,Sekartaji,F,Turquoise
Harvey,Amanda,Dakhla,F,Blue
Lynch,Gary,Long Xuyên,M,Green
Fields,Ann,Nová Cerekev,,Blue
Russell,Maria,Xichang,F,Khaki
Roberts,Scott,Rebe,M,Violet
Wallace,Harry,Tembang,M,Puce
Phillips,Linda,Picassinos,F,Indigo
Gonzales,Jean,Sinegor'ye,F,Indigo
Rice,Steven,El Capulin,M,Indigo
Ruiz,Nicholas,Bantogon,M,Orange
Martinez,Brandon,Doetinchem,M,Mauv
Ellis,Ernest,Ekasapta,M,Yellow
Simmons,Betty,Nowy Dwór Gdański,F,Turquoise
Rivera,Joan,Komatsushimachō,F,Indigo
Carroll,Willie,Svedala,M,Violet
Boyd,Juan,Chiscas,M,Puce
Garrett,Rose,Semey,F,Purple
Cooper,,Solsona,F,Maroon
Wilson,Jason,El Playón,M,Purple
Rose,Sean,São Sebastião,M,Aquamarine
Henderson,Theresa,Bindura,F,Mauv
Lee,Carlos,Turan,M,Aquamarine
Moreno,Kelly,Cerro Punta,F,Maroon
Weaver,Linda,El Bagre,F,Fuscia
Garrett,Anne,Cieplice Śląskie Zdrój,F,Goldenrod
Hansen,John,Shuanglu,M,Puce
Wilson,Sandra,Xiangshan,F,Indigo
Nelson,Jacqueline,Örgön,F,Aquamarine
Fisher,Andrea,Pruszcz,F,Aquamarine
Henry,Anna,Vale das Mós,F,Khaki
Jenkins,Jennifer,Puerto Francisco de Orellana,F,Blue
Stone,Angela,Solčava,F,Yellow
Lewis,Peter,Vadstena,M,Mauv
Harris,Evelyn,Plyussa,F,Pink
Moreno,Stephanie,Bojonggenteng,F,Orange
Ross,Clarence,Lysychovo,M,Goldenrod
Payne,Denise,Hacienda La Calera,F,Puce
Hudson,Janice,Dayangqi,F,Goldenrod
Bryant,Louis,Poligny,M,Mauv
Castillo,Chris,Hartford,M,Violet
Nelson,Mark,Akim Swedru,M,Mauv
Gonzales,Dorothy,Esik,F,Red
Henderson,Janice,Perístasi,F,Red
Gonzalez,Stephanie,Leye,F,Orange
Mason,Sean,Kuala Lumpur,M,Khaki
Richardson,Jonathan,Olyka,M,Aquamarine
Allen,Margaret,Penedo,F,Maroon
Mills,Diana,Gunungkencana,F,Red
Brown,Andrea,Krajan Atas Suger Lor,F,Yellow
Garza,Andrew,Bang Kruai,M,Goldenrod
White,Ruth,Mauloo,F,Red
Rice,Arthur,Las Palmas,M,Violet
Perry,Charles,Lübeck,M,Khaki
Hughes,Julie,Jataí,F,Turquoise
Woods,Karen,Saramech,F,Green
Bailey,Scott,Jietou,M,Purple
Hunt,Stephen,Monching,M,Goldenrod
Gonzalez,Michelle,Huaiyuan Chengguanzhen,F,Turquoise
Baker,David,Gobernador Costa,M,Blue
Hunter,Howard,Lewoduli,M,Goldenrod
Mccoy,Helen,Zimovniki,F,Violet
Holmes,Ralph,Nanling,M,Yellow
Ray,Michelle,,F,Indigo
Coleman,David,Taraco,M,Yellow
Adams,Juan,Xinan,M,Pink
Baker,Nicholas,Vicente Guerrero,M,Maroon
Collins,Joan,Chiquinquirá,F,Mauv
Harvey,David,Kamo,M,Teal
Cruz,Dorothy,Oji River,F,Red
Rose,Walter,Farrokh Shahr,M,Blue
Fox,Elizabeth,Bor,F,Indigo
Black,Daniel,Opochka,M,Purple
Franklin,Bonnie,Kamenica,F,Violet
Graham,Brenda,Andalucía,F,Purple
Alvarez,Heather,Tabivere,F,Crimson
Marshall,Wanda,Amagarapati,F,Green
Gibson,Chris,As Sab‘ Biyār,M,Crimson
Sanchez,Louis,Al Jumūm,M,Maroon
Castillo,Patricia,Přimda,F,Fuscia
Romero,Jason,Pertunmaa,M,Blue
Hill,Richard,Daqiao,M,Green
Hernandez,Alice,Yala,F,Mauv
Fisher,Norma,Prizren,F,Aquamarine
Armstrong,Judy,Dubá,F,Khaki
Carpenter,Howard,Yangchao,M,Indigo
Dixon,Kevin,Santo Domingo,M,Goldenrod
Cunningham,Nicholas,Berkovitsa,M,Mauv
Jacobs,Evelyn,Kuanda,F,Blue
Jackson,Julia,Xiashu,F,Teal
Hanson,Angela,Phichai,F,Blue
Palmer,Gary,Porto Seguro,M,Fuscia
Dixon,Phyllis,Roissy Charles-de-Gaulle,F,Purple
Chavez,Philip,Lancheng,M,Puce
Little,Alan,Gyangqai,M,Violet
Bailey,William,Paritaman,M,Teal
Thompson,John,Jindui,M,Maroon
Cole,Louis,Betioky,M,Purple
Perry,Paul,Cihaur,M,Green
Welch,Stephanie,Guantou,F,Blue
Mcdonald,Judith,Bojonggenteng,F,Teal
Greene,Roy,Pereiro,M,Mauv
Garcia,George,Kurungannyawa,M,Puce
Nelson,Amy,Liulihe,F,Teal
Frazier,Doris,Mayskiy,F,Goldenrod
Freeman,Antonio,Barvinkove,M,Pink
Cole,Arthur,San Jose,M,Red
Bell,Joyce,Douma,F,Purple
Mcdonald,Janice,Biscoitos,F,Maroon
Morrison,Stephanie,Gonça,F,Aquamarine
Austin,Barbara,Sibreh,F,Purple
Martin,Charles,Ciomas,M,Crimson
Kelly,Roy,Isulan,M,Purple
Johnston,,Angatel,F,Khaki
Cox,Shawn,Lago,M,Violet
Griffin,Douglas,Caucasia,M,Orange
Wallace,Patrick,Moreno,M,Aquamarine
Freeman,Susan,Gande,F,Orange
Gutierrez,Joan,Dongfeng,F,Aquamarine
Wilson,Jack,Krandil,M,Maroon
Griffin,Henry,Adelaide Mail Centre,M,Teal
Harris,Robin,Garies,F,Pink
Morgan,Eric,Qarqaraly,M,Khaki
Adams,Randy,Brušperk,M,Turquoise
Murphy,Emily,Al Aḩmadī,F,Khaki
Hill,David,Ḩabīl ar Raydah,M,Crimson
Snyder,Shirley,Layu,F,Blue
Russell,Gregory,Yeysk,M,Purple
Moreno,Cheryl,Totolan,F,Turquoise
Coleman,Gary,Fajã de Cima,M,Turquoise
Nichols,Raymond,Madīnat ash Shamāl,,Red
Rose,Victor,Markaz Mudhaykirah,M,Mauv
Moreno,Tammy,,F,Turquoise
Graham,Dorothy,Salavat,F,Mauv
Chapman,Jason,Gongyi,M,Yellow
Rice,Bobby,Khallat Ḩamāmah,M,Purple
Howard,Justin,Debrecen,M,Green
Thomas,Steve,Mariel,M,Red
Hall,Stephanie,Khorostkiv,F,Goldenrod
Banks,Stephanie,Itatinga,F,
Gordon,Andrew,Tolomango,M,Aquamarine
Reynolds,Virginia,Macapá,F,Indigo
Ortiz,Margaret,Novoselitsa,F,Violet
Robertson,Brian,Bangad,M,Blue
Murphy,Joe,Tiabaya,M,Red
Arnold,Jessica,Ribamar,F,Purple
Wheeler,Kathy,Isanlu Itedoijowa,F,Maroon
Flores,Lillian,Novais,F,Red
Ryan,Tina,Johanneshov,F,Green
Parker,Katherine,Schellenberg,F,Turquoise
Fowler,Kelly,Velký Újezd,F,Yellow
Perkins,Harry,Finote Selam,M,Violet
Watkins,Edward,Rio Pardo,M,Purple
Holmes,Brian,Al Ḩaffah,M,Pink
Banks,,Jaguarão,F,Pink
Moore,Jimmy,Haimen,M,Indigo
Cook,William,Parys,M,Turquoise
Griffin,Sean,Xiamujiao,M,Goldenrod
Cruz,Patricia,New York City,F,Puce
Dunn,Susan,Tianxingchang,F,Indigo
Gibson,Jimmy,Kuzhorskaya,M,Blue
Gomez,Ryan,Shayuan,M,Crimson
Stone,Karen,Talabaan,F,Red
Harrison,Anthony,Xinglong,M,Red
Hamilton,Phillip,Zwolle,M,Pink
Cruz,Debra,Pocito,F,Indigo
Watson,Shawn,Cubará,M,Yellow
Sims,Juan,Tokyo,M,Orange
Banks,Judy,Rancaseneng,F,Turquoise
Rogers,Linda,Bejsce,F,Turquoise
Mitchell,Sara,Samphanthawong,F,Goldenrod
Clark,Harry,Dongshentou,M,Crimson
Wagner,Norma,Sakai,F,Orange
Gonzales,Joan,Colonia Catuete,F,Violet
Owens,Patricia,Ojos de Agua,F,Fuscia
Graham,Laura,Anuling,F,Khaki
Gonzales,Norma,Jönköping,F,Green
Mason,Norma,Szombathely,F,Violet
Carr,Aaron,Sankwia,M,Green
Lane,Alice,Volochys’k,F,Goldenrod
Turner,Stephanie,Victoria,F,Puce
Mendoza,Susan,Baiima,F,Indigo
Warren,Debra,Bagalangit,F,Violet
Stewart,Kimberly,Qal‘ah-ye Na‘īm,F,Violet
Stephens,Robert,Krajan Dua Putukrejo,M,Mauv
Cruz,Steven,General Conesa,M,Maroon
Bishop,Peter,Mizhirah,M,Mauv
Stevens,James,Arjasari,M,Teal
Allen,Steven,Mpanda,M,Purple
Larson,Joseph,Eadestown,M,Maroon
Owens,Philip,Shipka,M,Violet
Dixon,Tina,Riangbaring,F,Indigo
Nelson,Victor,Berlin,M,Indigo
Reid,Linda,Hexi,F,Pink
Kelley,Denise,Suohe,F,Red
Simpson,Joan,Unisław,F,Mauv
Moore,Craig,Korogan Timur,M,
Carroll,Joseph,Kishi,M,Maroon
Stevens,Mark,Yahil’nytsya,M,Goldenrod
Stevens,Beverly,Leopoldina,F,Maroon
White,Ann,Syracuse,F,Fuscia
Spencer,Johnny,Karnice,M,Turquoise
Lawson,Anthony,Braunschweig,M,Maroon
Robertson,Harold,Murtajih,M,
Price,Fred,Cruz Alta,M,Mauv
Hunt,Sharon,Gnojnik,F,Red
Nichols,Joyce,Xinfeng,F,Pink
Anderson,Kathleen,Palmasola,F,Mauv
Baker,Sara,Åkersberga,F,Blue
Evans,Bobby,Longchiqiao,M,Purple
Nichols,Janice,Shanting,F,Blue
Washington,Victor,Zhigong,M,Goldenrod
Grant,Annie,Zhangyang,F,Turquoise
Ramos,Martin,Datian,M,Puce
Harris,Joyce,Beaverton,F,Yellow
Mcdonald,Ruby,Huillapima,F,Puce
George,Howard,Péplos,M,Aquamarine
Parker,Beverly,Wenshang,F,Fuscia
Larson,Dorothy,Vistino,F,Maroon
Harper,Michelle,,F,Goldenrod
Webb,Norma,Bail,F,Purple
Johnston,Harold,,M,Puce
Willis,Justin,Peredovaya,M,Teal
Lane,Mildred,Yuzhou,F,Teal
Hernandez,Jean,Foxton,F,Fuscia
Alexander,Helen,Lidköping,F,Orange
Pierce,Carl,Baku,M,Red
Hanson,Gary,Sidenreng,M,Orange
Ramirez,Donna,Youfang,F,Pink
Price,Anthony,Faisalābād,M,Purple
Kennedy,Sharon,Magsaysay,F,Goldenrod
Hunt,Tammy,Medicine Hat,F,Turquoise
Wheeler,Matthew,Asarum,M,Blue
Alvarez,Kenneth,Göteborg,M,Khaki
Hudson,Andrew,Campinas,M,Green
Lee,Frances,Keli,F,Green
Butler,Jesse,Eirunepé,M,Mauv
Foster,Bruce,Carlos Casares,M,Teal
Andrews,Ruth,São Miguel do Iguaçu,F,Purple
Ward,Nicole,Gongdanglegi Kulon,F,Maroon
Howell,Julia,Santol,F,Puce
Moreno,Jennifer,Dagup,,Fuscia
Medina,Ryan,Astorga,M,Indigo
Gonzales,,Tha Mai,M,
Carroll,Eric,Villa Yapacaní,M,
Montgomery,Scott,Liangchahe,M,Fuscia
Howard,Johnny,Fengcheng,M,Crimson
Ramos,Wanda,Mashan,F,Indigo
Wilson,Irene,Vejprnice,F,Yellow
Gomez,Betty,Portland,F,Blue
Welch,Alan,Karlskoga,M,Red
Sanchez,Shawn,Paço de Arcos,M,Orange
Hansen,Joe,Ytterby,M,Teal
Gonzales,Michelle,Sugcad,F,Aquamarine
White,Victor,Al Ghizlānīyah,M,Fuscia
Taylor,Jeffrey,Turgenevo,M,Khaki
Burke,Nicole,Nazaré da Mata,F,Indigo
Reyes,Russell,Aoufous,M,Puce
Watson,Andrea,Lahuaytambo,,Khaki
James,Janice,Talmest,F,Turquoise
Burke,Harry,Ḩājī Khēl,M,Mauv
Nelson,Louis,Shazhouba,M,Turquoise
Porter,Christopher,Prusice,M,Maroon
Wells,Jean,Port Glaud,F,Green
Hall,Carol,Ajaccio,F,Violet
Kim,Paula,Mekarsari,F,Blue
Crawford,Christine,Sabinópolis,,Fuscia
Bryant,Adam,Los Arcos,M,Red
Gonzalez,Kevin,Melati,M,Red
Frazier,Patrick,Verkhnyachka,M,Blue
Ray,George,Bulacan,M,Turquoise
Wilson,Alan,Contraalmirante Cordero,M,Yellow
Henderson,Anne,Barberena,F,Aquamarine
Chapman,Albert,Horton,M,Teal
Harrison,Kathleen,Masebewa,F,Violet
Howard,Anne,Pervomays’k,F,Maroon
Gonzalez,Roy,Wang Sam Mo,M,Purple
Larson,,Smara,M,Crimson
Tucker,Sandra,Bungsuan,F,Crimson
Holmes,Irene,Maoping,F,Indigo
Price,Emily,Penisihan,F,Aquamarine
Pierce,Justin,Al Fashn,M,Turquoise
King,Harry,Cândido Mota,M,Blue
Garza,Ruth,Bhāndāria,F,Red
Kim,Donna,Zhireken,F,Goldenrod
Stone,Ronald,Kuidou,M,Maroon
Alexander,Joe,Il’skiy,M,Maroon
Martinez,Jerry,Besançon,M,Fuscia
Murray,Raymond,Gununglarang,M,Violet
Kennedy,Carlos,Dagkar,M,Aquamarine
Alvarez,Arthur,Talok,M,Blue
Armstrong,Philip,Stoney Ground,M,Pink
Moreno,Timothy,Dali,M,Violet
Hernandez,Edward,Souto de Cima,M,Mauv
Hamilton,Emily,Dolavón,F,Khaki
Sims,Maria,Riachão do Jacuípe,F,Turquoise
Martin,Evelyn,Klášter,F,Violet
Henderson,Randy,Wilmington,M,Aquamarine
Anderson,Barbara,Chãos,F,Aquamarine
Fields,Emily,Harding,F,Purple
Medina,Diana,,F,Mauv
Willis,Kevin,Fontaínhas,M,Khaki
Schmidt,James,Kozelets’,M,Red
Morales,Diana,Tarumizu,F,Orange
Gibson,Ann,Valdice,F,Goldenrod
Richards,Cheryl,Lapuyan,F,Yellow
Patterson,Cynthia,Changping,F,Puce
Wilson,Katherine,Jaraguá do Sul,F,Puce
Perkins,Jonathan,Launceston,M,Pink
Hernandez,Katherine,Bendan,F,Mauv
Fisher,Christine,Nauchnyy Gorodok,F,Crimson
Evans,Alice,Lat Lum Kaeo,F,Crimson
Anderson,Kathy,Artur Nogueira,F,Green
Turner,Carl,Na Chaluai,M,Teal
Wheeler,Edward,Rudong,M,Crimson
Morrison,Bobby,Fengkou,M,Khaki
Romero,Jonathan,Daleszyce,M,Blue
Bailey,Deborah,Utsjoki,F,Aquamarine
Hill,Cheryl,Ku‘aydinah,F,Teal
Hanson,Louise,Beizhang,F,Indigo
Anderson,Theresa,Benešov nad Černou,F,Pink
Turner,Elizabeth,Lat Yao,F,Khaki
Crawford,Ann,Xiyuan,F,Orange
Franklin,Janice,Sophia Antipolis,F,Fuscia
Fernandez,Howard,Pereira Barreto,M,Purple
Hughes,Samuel,Lālmohan,M,Teal
Armstrong,Shawn,Skhodnitsa,M,Red
Johnson,Benjamin,Abreus,M,Crimson
Morrison,Carl,Qingshuihe,M,Orange
Sanders,Lois,Gantang,F,Khaki
Snyder,Timothy,Aengceleng,M,Maroon
Taylor,Ralph,Ballyboden,M,Khaki
Bennett,Jason,Venda Nova,M,Crimson
Turner,Willie,Vélo,M,Red
Butler,Jeremy,Kokshetau,M,Turquoise
Banks,Christopher,Motala,M,Turquoise
Hicks,,Olympia,M,Fuscia
White,Stephen,Jadho,M,Yellow
Gutierrez,Earl,Shangyuan,M,Maroon
Nichols,Carolyn,Piracuruca,F,Maroon
Ruiz,Johnny,Ankazoabo,M,Purple
Knight,Carlos,Alegria,M,Green
Robinson,Tina,Rattanaburi,F,Mauv
Rivera,Diane,Mölndal,F,Orange
Larson,David,Néa Róda,M,Orange
Fowler,Eugene,Blerim,M,Khaki
Reyes,Robin,Moshiyi,F,Maroon
Hamilton,Robert,Ash Shaḩānīyah,M,Red
Cook,Nicholas,Zhongluotan,M,Orange
Hunter,Robin,Famaillá,F,Puce
Reynolds,Diana,Linda Vista,F,Fuscia
Parker,Charles,Naebugis,M,Yellow
Stevens,Bobby,Morshansk,M,Fuscia
Lane,Lori,Zhutuo,F,Maroon
Ross,Todd,Nginjen,,
Hunt,Steven,Pasongsongan,M,Mauv
Campbell,Phyllis,Kuchurhan,F,Goldenrod
Robertson,Teresa,Jawatiwa,F,Turquoise
Burke,Harry,,M,Purple
Hill,Eugene,Uruobo-Okija,M,Maroon
Henderson,Anna,Malibong East,F,Orange
Murray,Keith,Toshloq,M,Turquoise
Campbell,Robert,Vília,M,Yellow
Johnston,Jean,Ganxi,F,Crimson
Howell,John,Savyon,M,Puce
Jackson,Robin,Washington,F,Aquamarine
Moreno,Paula,Orodara,F,Blue
Holmes,Doris,Stupsk,F,Aquamarine
Perry,Annie,Zhuangxing,F,Turquoise
Reid,,Taltal,F,Blue
Diaz,Kimberly,Totoral,F,Indigo
Peters,Joyce,Sanlicheng,F,Crimson
Stevens,Todd,Kungsbacka,M,Maroon
Hart,Laura,Lidun,F,Yellow
Morris,Sharon,Natonin,F,Puce
Porter,Ryan,Malakwal City,M,Goldenrod
Day,Maria,Cigalontang,F,Fuscia
Ortiz,Harold,,M,Green
Hicks,Martha,Pameungpeuk,F,Khaki
Cox,Martin,Huanoquite,M,Mauv
Foster,,Yumbe,M,Goldenrod
Matthews,Cynthia,,F,Purple
Mendoza,Ashley,Ljungbyholm,F,Purple
Martinez,Julie,Shaogongzhuang,F,Indigo
Alexander,Christina,Huxi,F,Violet
Marshall,Douglas,Nelahozeves,M,Goldenrod
Cook,Helen,Ganyan,F,Pink
Taylor,Randy,,M,Crimson
Pierce,Cynthia,Nagahama,F,Fuscia
Castillo,Andrew,Sędziszów,M,Yellow
Reynolds,Jane,Shināş,F,Goldenrod
Dixon,Eugene,Tsubata,M,Aquamarine
Black,Christine,Prince Edward,F,Indigo
Cruz,Annie,Naryn,F,Aquamarine
Bradley,Victor,Pedro Leopoldo,M,Blue
Jenkins,Harry,Cikuya,M,Red
Andrews,Ann,Zvole,F,Goldenrod
Mitchell,James,Monte de Trigo,M,Aquamarine
Sims,Lawrence,Huangshui,M,Violet
Hicks,Jose,Lemahputih,M,Orange
Gibson,Walter,Peremyshl’,M,Maroon
Baker,Ashley,Anyu,F,Puce
Austin,Carl,Yuty,M,Violet
Banks,Wanda,Aegela,F,Fuscia
Nelson,Cynthia,Viloco,F,Turquoise
Burton,Philip,Sterling,M,Maroon
Morales,Andrea,Dazi,F,Green
Ortiz,Harold,Mariatana,M,Orange
Johnston,Christopher,Cikiwul Satu,M,Aquamarine
Ross,Benjamin,Jagong,M,Mauv
Butler,Philip,Koíla,M,Turquoise
Hart,,Haugesund,M,Red
Smith,Ruby,Dolores,F,Green
Moreno,Willie,Dongdu,M,Teal
Robinson,Catherine,Ursynów,F,Khaki
Harris,Katherine,Siquisique,F,Orange
Stephens,Sara,Sidomakmur,F,Purple
Martinez,Diana,Fenjie,F,Red
Carroll,Donald,Gandra,,Crimson
Flores,Matthew,Payapa,M,Indigo
Owens,Stephen,Kungur,M,Purple
Franklin,Tammy,Novais,F,Goldenrod
Sullivan,Elizabeth,Sambirejo,F,Khaki
Larson,Rose,Long’an Chengxiangzhen,F,Khaki
Warren,Jacqueline,Laon,F,Violet
Morgan,Kevin,Tyre,M,Pink
Burns,Scott,Njurunda,M,Green
James,Ann,Nueva Guadalupe,F,Green
Cox,Lisa,Muara Siberut,F,Mauv
Anderson,Lawrence,Mambusao,M,Khaki
Cole,Emily,Karanggedang,F,Purple
Howard,Carol,Qingyang,F,Orange
Stanley,Elizabeth,Järna,F,Maroon
Butler,Judith,Pulorejo,F,Yellow
Bishop,Patrick,Xinó Neró,M,Violet
Bryant,John,Jinta,M,Turquoise
Crawford,Frances,Ala-Buka,F,Goldenrod
Rogers,Joe,Longhu,M,Purple
Cox,Gary,Kurovskoye,M,Goldenrod
Harris,Tammy,Dois Portos,F,Indigo
Boyd,Judy,Kabacan,F,Mauv
Sims,Timothy,Asprángeloi,M,Fuscia
Sims,Doris,Arlöv,F,Green
Williamson,Samuel,Ridderkerk,M,Purple
Boyd,Brandon,Beaumont,M,Red
Palmer,Arthur,Cihaur,M,Crimson
Ramirez,Steven,Semerak,M,Blue
Barnes,Sandra,Santa Cruz do Rio Pardo,F,Goldenrod
Wilson,Amanda,Atescatempa,F,Purple
Bell,Bonnie,Rabaul,F,Green
Bennett,John,Belén,M,Goldenrod
Dixon,Kimberly,Ludza,F,Crimson
Turner,Wanda,Homagama,F,Red
Edwards,Randy,Piru,M,Red
Garcia,Janet,Lai Lai Bisi Kopan,F,Blue
Lopez,Stephen,Magdaleno Aguilar,M,Yellow
Stewart,Anna,Stockholm,F,Yellow
Hart,Kathleen,Casal Novo,F,Mauv
Foster,Shawn,Meilong,M,Teal
Ramirez,Douglas,Kamennogorsk,M,Purple
Lee,Todd,Pathum Rat,M,Khaki
Fernandez,Patrick,Montpellier,M,Red
Wallace,Stephanie,,F,Orange
Sims,Gerald,Vetrino,M,Pink
Nichols,Kevin,Solţānābād,M,Orange
Lane,Jeremy,Igreja,M,Red
Roberts,Karen,Údlice,F,Purple
Ryan,,Cerkvenjak,F,Khaki
Owens,Jesse,Montreuil,M,Red
Fox,Norma,Ichihara,F,Puce
Pierce,Michelle,Sendangrejo,F,Teal
Jenkins,Lawrence,Longueuil,M,Indigo
Graham,Ronald,Kangar,M,Teal
Murphy,Anne,Zuoxi,F,Orange
Payne,Nancy,Xuanbao,F,Puce
Stone,Jacqueline,Masarayao,F,Violet
Jackson,Sean,Shebalino,M,Aquamarine
Reyes,Earl,Moca,M,Mauv
James,Adam,Pembuanghulu,M,Puce
Shaw,Evelyn,Suizhong,F,Purple
Hudson,Raymond,Cruz Alta,M,Purple
Elliott,Janice,Topol’noye,F,Orange
Graham,Todd,Bailianhe,M,Blue
Reynolds,Janice,Pampas Chico,F,Yellow
Morrison,Ruby,Londiani,F,Violet
Reynolds,Angela,,F,Indigo
Morris,Jane,Aki,F,Mauv
Chapman,Joyce,Ma‘bar,F,Blue
Jordan,Louis,Alburitel,M,Red
Morrison,Alice,Popovice,F,Green
Kelly,Jack,Luci,M,Red
Dunn,Daniel,Karangduren Dua,M,Red
Franklin,Julia,Kenyau,F,Green
Ryan,Terry,Angochi,M,Green
Dunn,Diane,Sighnaghi,F,Aquamarine
Murphy,Jesse,Huashu,M,Aquamarine
Hernandez,Tammy,Salogon,F,Violet
Lopez,Alan,El Colorado,M,Indigo
Austin,William,Austin,M,Aquamarine
Austin,Heather,Ciparay,F,Orange
Boyd,Elizabeth,Viļaka,F,Khaki
Nguyen,Thomas,Macia,M,Green
Day,Randy,Bao’an,M,Purple
Bradley,Michelle,Derzhavīnsk,F,Aquamarine
Woods,Samuel,Lidingö,M,Mauv
Gutierrez,Carl,Nan,M,Maroon
Meyer,Marie,Jiupu,F,Mauv
Parker,Lillian,Kademangan,F,Red
Holmes,Frank,Dahu,M,Mauv
Henry,Steven,Palaió Fáliro,M,Mauv
Black,Norma,Devitsa,F,Khaki
Ortiz,Michelle,Kondoa,F,Pink
Armstrong,Victor,Tumpukrenteng,M,Yellow
Diaz,,Farroupilha,M,Maroon
Howard,George,Nürnberg,M,Fuscia
Dixon,Rose,Lainqu,F,Goldenrod
Cruz,Bonnie,Komsomol’s’ke,F,Aquamarine
Little,Stephanie,Naha-shi,F,Orange
Barnes,Ashley,Roissy Charles-de-Gaulle,F,Maroon
Bennett,Ruby,Lere,F,Khaki
Schmidt,Christopher,Nansha,M,Teal
Watson,Brandon,Garoua Boulaï,M,Turquoise
Price,Ruth,Tadianjie,F,Pink
Thompson,Steven,Radā‘,M,Yellow
Rose,David,Sóc Trăng,M,Red
Dixon,Louis,Mananara,M,Green
Mills,Benjamin,Malaba,M,
Coleman,Sara,Dayushu,F,Khaki
Perez,Patricia,Dmitriyevskoye,F,Green
Dixon,Jennifer,Slovenj Gradec,F,Indigo
Fisher,Brandon,Hamm,M,Crimson
Williams,Tammy,Lai Lai Bisi Kopan,F,Puce
Grant,Elizabeth,Beaune,F,Khaki
Cunningham,Aaron,Passos,M,Violet
Castillo,Sarah,Kang-neung,F,Mauv
Scott,Linda,Jebba,F,Violet
Wood,Catherine,Lyon,,Blue
Sanders,Teresa,Wujingfu,F,Goldenrod
Woods,Rebecca,Carriedo,F,Turquoise
Berry,Eric,Marte,M,Aquamarine
Chavez,Janet,Chulakivka,F,Red
Murray,Russell,Campanário,M,Violet
Woods,Jesse,Rosmaninhal,M,Aquamarine
Johnson,Roger,Brooklyn,M,Khaki
Ellis,Paula,Río Cauto,F,Indigo
Gray,Brenda,Frakulla e Madhe,F,Green
Allen,Carolyn,Dasongshu,F,Crimson
Long,Eric,Otse,M,Indigo
Lee,,eSikhawini,F,Crimson
Johnson,Scott,Cagayan,M,Indigo
Morgan,Amy,Nanxiang,F,Pink
Carr,Judith,Elverum,F,Indigo
Watkins,Lois,,F,Teal
Kelley,Nicole,São Sebastião,F,Violet
Montgomery,Alice,Xinhang,F,Indigo
Mccoy,Jane,Le Lamentin,F,Yellow
Daniels,Julie,Monte de Fralães,F,Red
Little,Daniel,Gaotuan,M,Teal
Harrison,Larry,Cikaduen,M,Maroon
Boyd,Adam,Karangsuko,M,Puce
Porter,Kathleen,Kongwan,F,Maroon
Hart,Fred,Yanglin,M,Purple
Wagner,Helen,Oguta,F,
Stanley,Andrea,Novyye Kuz’minki,F,Purple
Gonzales,Edward,Talhār,,Pink
Jackson,Russell,Gomunice,M,Purple
Richardson,Tina,Looc,F,Pink
Reyes,Joyce,Ulee Gle,F,Orange
Freeman,David,Hovězí,M,Crimson
Welch,Teresa,Idi Rayeuk,F,Turquoise
Harper,Jennifer,Falāvarjān,F,Indigo
Robinson,Frances,Varėna,F,Violet
Ford,Heather,Xinminxiang,F,Goldenrod
Smith,Anthony,Chiguang,M,Orange
Elliott,Todd,Mamponteng,M,Pink
Moore,Betty,Ufimskiy,F,Teal
Jackson,Ashley,Gradec,F,Khaki
Smith,Amy,Bail,F,Puce
Gibson,Christine,Cergy-Pontoise,F,Aquamarine
Fox,Edward,Mashava,M,Yellow
Russell,Jessica,Ballisodare,F,Yellow
Torres,Andrea,Kebloran,F,Green
Cox,Janice,Tākestān,F,Aquamarine
Hicks,Carl,Lagnieu,M,Maroon
Schmidt,Brenda,Muhoroni,F,Pink
Morales,Cynthia,Visby,F,Maroon
Montgomery,Kimberly,Maiwang,F,Blue
Harris,Diana,Yongxing,F,Indigo
Stephens,Christina,Limbuhan,F,Green
Hicks,John,Brataj,M,Green
Mills,Anthony,Reszel,M,Maroon
Patterson,Todd,Haocun,M,Turquoise
Grant,Billy,Franco da Rocha,M,Pink
Scott,Donna,Chanthaburi,F,Pink
Warren,Douglas,Fuxing,M,Orange
Austin,Marie,Báguanos,F,Mauv
Montgomery,Lawrence,Black River,M,Indigo
Bowman,Janet,Tangier,F,Mauv
Mcdonald,Peter,Manuel Antonio Mesones Muro,M,Teal
Campbell,Debra,Ballinteer,F,Turquoise
Warren,Shirley,Berezna,F,Khaki
Gibson,Mark,,M,Indigo
Ramos,Ralph,Yunmenling,M,Blue
Carroll,Eric,Yangxipu,M,Khaki
Bishop,Marilyn,Lacdayan,F,Red
Baker,Nicole,Oslo,F,Purple
Perry,Joseph,Caucasia,M,Fuscia
Hunter,Teresa,Seymchan,F,Maroon
Olson,Louise,Ridder,F,Red
Coleman,Kathy,Tianshan,F,Pink
Elliott,Judith,Luxi,F,Crimson
Reed,Alice,Beigao,F,Crimson
Reynolds,Kimberly,Gemo,F,Teal
Young,Susan,Västanfjärd,F,
Alexander,Jeremy,São Félix do Xingu,M,Purple
Harrison,Jane,Yuhuang,F,Teal
Franklin,Bonnie,Novoye Leushino,F,Turquoise
Williams,Jimmy,,M,Blue
Nichols,Joyce,Kamwenge,F,Pink
Adams,Carolyn,Cigoong,F,Violet
Gomez,Amanda,Selikhino,F,Teal
Hudson,Laura,Hinvi,F,Blue
Romero,Janice,Karanganyar,F,Pink
Berry,Albert,Melipilla,M,Purple
Ferguson,Evelyn,Qinghe,F,Green
Gomez,Joyce,Toyokawa,F,Orange
