Nichols,Publicité,Khun Han,F,Yellow
Gardner,Lóng,Issoudun,F,Puce
Wheeler,Maïté,Mogapinyana,F,Crimson
Tucker,Pò,Toyoshina,M,Teal
Ryan,Félicie,Kouvola,M,Khaki
Nguyen,Frédérique,Atlanta,M,Pink
Berry,Clémence,Hienghène,M,Crimson
Boyd,Néhémie,Freiburg im Breisgau,F,Pink
Taylor,Pénélope,Zhaogezhuang,F,Fuscia
Warren,Annotée,Trinidad,M,Maroon
Little,Märta,Yuquan,F,Goldenrod
Torres,Märta,Złocieniec,M,Mauv
Romero,Åsa,Makbon,F,Purple
Richards,Yáo,Huabeitun,M,Puce
Crawford,Maïly,Dunmanway,F,Fuscia
Howell,Loïs,Banjar Sambangan,F,Mauv
Jordan,Geneviève,Kołbaskowo,M,Goldenrod
Austin,Lorène,Frankfort,F,Fuscia
Mcdonald,Marie-françoise,West Kelowna,M,Mauv
Wood,Sòng,Wuping,M,Yellow
Garrett,Félicie,Oromocto,F,Pink
Mcdonald,Estée,Erdao,M,Orange
Crawford,Almérinda,Sanhe,F,Crimson
Mills,Maïlys,Narowlya,M,Purple
Medina,Angèle,Gunungsubang,F,Green
Adams,Loïca,Huaquirca,F,Orange
Shaw,Kévina,Pasanggrahan,M,Yellow
Armstrong,Maïlis,Hubei,F,Fuscia
Coleman,Alizée,Hengxi,F,Purple
Watkins,Anaïs,Karangtengah,M,Aquamarine
Coleman,Aimée,Novi Kneževac,M,Violet
Griffin,Maéna,Bonriki Village,M,Red
Hansen,Lài,Bŭka,M,Aquamarine
Butler,Eloïse,Oliveira de Frades,F,Crimson
Moore,Kallisté,Nedryhayliv,M,Yellow
Fisher,Méghane,Ipoh,M,Aquamarine
Hernandez,Lèi,Marseille,M,Fuscia
Stephens,Miléna,Jerez,M,Violet
Reed,Cloé,Aquiraz,M,Teal
Butler,Béatrice,Wufeng,M,Puce
Watson,Athéna,Bakunase,F,Purple
Montgomery,Sélène,Oceanside,F,Pink
Spencer,Pål,Shawnee Mission,M,Turquoise
Frazier,Maëly,Pandanrejokrajan,F,Yellow
Fuller,Réjane,Vershino-Shakhtaminskiy,M,Maroon
Webb,Björn,Banyo,F,Goldenrod
Perry,Estève,Roboré,M,Fuscia
Ryan,Camélia,West Palm Beach,M,Maroon
Torres,Géraldine,Kuantan,F,Green
Jackson,Cléa,Uchkulan,F,Crimson
Davis,Méryl,Khallat Ḩamāmah,F,Blue
Howard,Zoé,Parral,F,Orange
Hamilton,Marie-ève,Sélibabi,M,Maroon
Patterson,Åsa,Lingcheng,F,Maroon
Banks,Dù,Bayantal,F,Puce
Powell,Judicaël,Arai,F,Turquoise
Berry,Maëly,Shishan,F,Orange
Garza,Tán,Sumberpitu,M,Mauv
Collins,Lorène,Nueva Italia,F,Yellow
Robinson,Måns,Catamayo,F,Maroon
Woods,Athéna,Āsmār,M,Puce
Williams,Andréanne,Tiaong,F,Goldenrod
Perez,Cléopatre,Pandan,M,Maroon
Smith,Maéna,Mŭglizh,M,Goldenrod
Bailey,Mélissandre,Färjestaden,M,Puce
Greene,Gösta,Shenzhengqiao,M,Violet
Perry,Tán,Vysotsk,F,Blue
Reyes,Bérengère,Volkhov,M,Fuscia
Jacobs,Intéressant,Staré Město,F,Blue
Green,Cléa,Mariefred,F,Yellow
Romero,Marylène,Libao,F,Orange
Kelly,Intéressant,Zaniemyśl,F,Khaki
Romero,Cléa,Neqāb,M,Turquoise
Anderson,Dafnée,Söderköping,F,Purple
Alvarez,Cécilia,Shangkuli,M,Aquamarine
Bennett,Mélinda,Turrialba,M,Fuscia
James,Thérèse,Barg-e Matāl,F,Orange
Owens,Océanne,Castêlo,F,Turquoise
Matthews,Åslög,Bohai,M,Goldenrod
Little,Nuó,Corral,F,Teal
Medina,Salomé,Norcasia,M,Mauv
Holmes,Géraldine,Płock,M,Pink
Bishop,Kallisté,Toamasina,F,Blue
Lawson,Håkan,Fika,F,Red
Gonzales,Lèi,Puerto Cumarebo,M,Goldenrod
Wright,Laïla,Kagawasan,M,Indigo
Watkins,Tán,Bachaquero,M,Orange
Lane,Marie-thérèse,Xushuguan,M,Aquamarine
Murray,Réjane,Farkhor,F,Pink
Daniels,Kù,Luniao,F,Goldenrod
Carroll,Maëlann,Tambo Grande,M,Purple
Mason,Clélia,Tongqiao,M,Khaki
Myers,Frédérique,Lewo,M,Goldenrod
Stone,Clélia,Kill,F,Turquoise
George,Léonore,Ornontowice,F,Mauv
Moore,Andrée,Lewokluok,F,Khaki
Jones,Maïté,Klavdiyevo-Tarasove,F,Violet
Jacobs,Mélina,Magrath,F,Yellow
Powell,Dà,Nakhon Ratchasima,M,Indigo
Stephens,Adélie,Волочаевское,M,Pink
Black,Anaïs,Margoyoso,M,Maroon
Davis,Estève,Buena Esperanza,M,Blue
Larson,Gaïa,Molchanovo,M,Indigo
Cole,Néhémie,Seririt,M,Crimson
Murphy,Åke,Concepción,M,Indigo
Cole,Daphnée,Balakasap,M,Crimson
Hernandez,Desirée,Horad Barysaw,F,Turquoise
Welch,Méng,Dakingari,F,Puce
Andrews,Maëly,San Pedro,F,Fuscia
Ward,Aí,Miskolc,F,Khaki
Bowman,Amélie,Doba,M,Purple
Cruz,Marie-noël,Orlando,M,Fuscia
Carroll,Håkan,Smarhon’,M,Crimson
Lynch,Cinéma,Longyearbyen,F,Mauv
Powell,Gaïa,Xiangyun,F,Puce
Murray,Yáo,Baidoa,F,Yellow
Reid,Bénédicte,Iłowo -Osada,M,Maroon
Boyd,Mélanie,Luojiang,F,Indigo
Ward,Mahélie,Newbiggin,M,Blue
Wilson,Naëlle,Huabu,F,Puce
Mitchell,Cécilia,Pato Branco,M,Indigo
Brooks,Simplifiés,Saguing,F,Mauv
Gibson,Almérinda,Aramayuan,F,Maroon
Reyes,Andrée,Vichuga,M,Violet
Rodriguez,Léa,Itbayat,F,Mauv
Ferguson,Eloïse,La Mesa,F,Green
Peters,Léone,Pancanagara,F,Mauv
Carpenter,Mårten,Vom,F,Yellow
Smith,Adèle,Yekimovichi,F,Teal
Snyder,Cunégonde,Telgawah,F,Crimson
Holmes,Laïla,Lajedo,M,Aquamarine
Gilbert,Salomé,Liuzikou,F,Teal
Bishop,Göran,Shuangtian,M,Puce
Henry,Bérengère,Goussainville,M,Puce
Bryant,Laurélie,Aleksinac,F,Mauv
Robertson,Uò,Dvorichna,M,Orange
Arnold,Åslög,Guanli,F,Indigo
Carpenter,Håkan,Pasonobenu,M,Goldenrod
Riley,Solène,Ptghunk’,F,Violet
Gomez,Personnalisée,Göteborg,M,Khaki
Rodriguez,Stéphanie,Qimantage,M,Fuscia
Warren,Marlène,Den Haag,M,Pink
Hernandez,Noëlla,Kalinovskaya,M,Green
Evans,Publicité,Salinas,F,Purple
Wagner,Gwenaëlle,Krasnyy Kholm,M,Indigo
Gutierrez,Andréa,Njurunda,F,Turquoise
Holmes,Crééz,Tame,F,Turquoise
Hawkins,Maëline,Cachadinha,F,Aquamarine
Ford,Inès,Shiwan,F,Aquamarine
Ross,Pélagie,Marseille,M,Pink
White,Léone,Ḏânan,M,Maroon
Greene,Maïté,Ourense,M,Maroon
Alvarez,Mélys,Yuzui,M,Yellow
Brown,Noëlla,Bitobe,F,Pink
Roberts,Clémentine,Xinxing,F,Yellow
Franklin,Séverine,Divo,F,Goldenrod
Robinson,Thérèse,Luleå,F,Purple
Williamson,Méthode,Xihe,F,Fuscia
Mccoy,Marlène,Longtang,M,Puce
Young,Maïwenn,Ribeira Grande,F,Khaki
Arnold,Bérénice,Dalo,M,Teal
Garcia,Alizée,Ban Talat Nua,F,Violet
Alexander,Rachèle,Leijiadian,F,Aquamarine
Medina,Loïca,Norton,M,Violet
Fields,Gaëlle,Tsenher,M,Mauv
Arnold,Océane,Uppsala,M,Turquoise
Jones,Félicie,Shuiyin,F,Indigo
Arnold,Béatrice,Maştağa,F,Green
Allen,Océanne,Babao,F,Yellow
Jackson,Rachèle,Benito Juarez,M,Red
Rodriguez,Léonore,Pubal,M,Turquoise
Pierce,Chloé,Zhudian,F,Maroon
Rivera,Anaïs,Kudahuvadhoo,M,Pink
Riley,Mén,Babura,M,Teal
Stephens,Salomé,Malabar,F,Fuscia
Alexander,Félicie,Nakhon Pathom,M,Red
Hart,Marie-noël,Utsjoki,M,Fuscia
Wood,Ophélie,Sauri,F,Violet
Burton,Amélie,Bralin,F,Crimson
Cunningham,Crééz,Qigzhi,M,Khaki
Moore,Inès,Korogan Timur,M,Aquamarine
Hicks,Simplifiés,Fangzheng,F,Goldenrod
Bishop,Mélys,Al Qurayn,M,Khaki
Robertson,Geneviève,Saint-Maur-des-Fossés,F,Maroon
Kelley,Anaëlle,Soio,M,Fuscia
Holmes,Loïca,Tegalagung,F,Fuscia
Fox,Méryl,Cayna,F,Indigo
White,Nuó,Jadho,F,Turquoise
Elliott,Andrée,Salinungan Proper,M,Fuscia
Hanson,Uò,El Paso,M,Crimson
Stephens,Marie-noël,Qā’en,M,Indigo
Fernandez,Amélie,Tycheró,M,Khaki
Bailey,Gisèle,Erjia,F,Khaki
Hughes,Garçon,Taihe Chengguanzhen,F,Aquamarine
Knight,Styrbjörn,Guarda Nova,F,Maroon
Gomez,Mélina,Obninsk,F,Green
Duncan,Bérengère,Växjö,M,Turquoise
Hernandez,Marie-ève,Hostivice,M,Purple
Rivera,Célestine,Uglich,M,Turquoise
Henderson,Dù,Maria Cristina,M,Blue
Cooper,Rachèle,Lianovérgi,F,Blue
Dixon,Crééz,Man,F,Teal
Coleman,Yú,Paurito,M,Red
Gilbert,Maïlys,Caxarias,M,Red
Burns,Lóng,Jinping,F,Aquamarine
Banks,Médiamass,El Caño,M,Pink
Thompson,Cunégonde,Dodol,M,Fuscia
Johnston,Andréanne,Bogoria,M,Fuscia
Knight,Océane,Cotorra,M,Aquamarine
Foster,Faîtes,Kashiwazaki,F,Green
Smith,Örjan,Barra Velha,F,Orange
Brooks,Mårten,Końskowola,F,Pink
Kelly,Garçon,Yeşilköy,M,Turquoise
Fisher,Josée,Kitakyūshū,M,Red
Edwards,Jú,Nowshahr,F,Violet
Roberts,Thérèse,Khuma,F,Khaki
Pierce,Méryl,Novoye Devyatkino,M,Yellow
Thompson,Marie-hélène,Itaperuçu,F,Goldenrod
Arnold,Yáo,Longzhong,F,Indigo
Andrews,Gwenaëlle,Comrat,F,Goldenrod
Gilbert,Pò,Casimiro de Abreu,F,Red
Smith,Lauréna,Aluminé,M,Purple
Bell,Desirée,Roriz,M,Green
Chapman,Cunégonde,Alegre,F,Crimson
Burke,Maëlle,Schieren,F,Orange
Banks,Alizée,Kirove,F,Fuscia
Wagner,Réservés,Bajingzi,M,Aquamarine
Rogers,Maëline,Agraharam,M,Turquoise
Schmidt,Maïwenn,Jankomir,M,Mauv
Coleman,Zhì,Dengok,M,Purple
Morales,Maëlys,Ōmura,M,Green
Ellis,Dorothée,Pnikut,M,Puce
Wells,Esbjörn,Qibu,F,Red
Andrews,Personnalisée,Hidalgo,F,Teal
Franklin,Léonie,Tarko-Sale,F,Crimson
Bennett,Maëline,Pangian,F,Turquoise
Webb,Andrée,Beroroha,M,Green
Warren,Bérangère,Rumenka,M,Blue
Allen,Marie-françoise,Cungking,M,Mauv
Sanders,Magdalène,Shilong,M,Violet
Lawrence,Bérangère,Mosetse,F,Violet
King,Aloïs,Gorzyce,M,Green
Gardner,Solène,Stord,M,Crimson
Brown,Táng,Kuanping,M,Maroon
Sanders,Noëlla,Malianzhuang,M,Aquamarine
Hanson,Ruì,Ayteke Bi,F,Turquoise
Mcdonald,Maëlann,Podolí,F,Crimson
Reid,Yáo,Morazán,F,Mauv
Morris,Michèle,Damai,M,Indigo
Gilbert,Lucrèce,Ishim,M,Maroon
Sims,Yóu,Jermuk,M,Aquamarine
Burton,Maïté,Baomin,M,Blue
Knight,André,Cruzeiro,F,Fuscia
Lane,Marlène,Aoyang,F,Goldenrod
Larson,Mà,Arāk,M,Purple
Richardson,Maëlyss,Shushicë,F,Puce
Lee,Valérie,Huanchillas,F,Orange
White,Hélène,Hadapu Zhen,F,Khaki
Gomez,Wá,Balabagan,M,Purple
Torres,Mélys,Eling,F,Yellow
Nguyen,Thérèsa,Kamenný Přívoz,F,Pink
Walker,Bénédicte,Midões,M,Crimson
Carr,Méryl,Mirny,M,Pink
Watson,Mén,Jakubów,M,Mauv
Morris,Léa,Casimiro de Abreu,F,Red
Elliott,Illustrée,Jeminay,F,Yellow
Burke,Táng,Roma,M,Blue
Rivera,Cléopatre,Volokolamsk,M,Red
Williams,Loïca,Fort Wayne,F,Khaki
Gonzalez,Marie-noël,Sagay,M,Green
White,Maëlyss,Paty do Alferes,F,Orange
Coleman,Mélodie,Bordeaux,F,Aquamarine
Schmidt,Gérald,Guanyang,F,Orange
Knight,Gwenaëlle,Wenquan,M,Aquamarine
Kelly,Simplifiés,Nor Gyugh,F,Turquoise
Dean,Edmée,Shanghuang,M,Violet
Daniels,Béatrice,Alor Setar,F,Yellow
Martin,Lorène,Shahbā,F,Turquoise
Hernandez,Pélagie,Nha Trang,M,Orange
Sanchez,Simplifiés,Vasyl'evsky Ostrov,F,Puce
Ford,Maëly,Kyzylzhar,M,Mauv
Sanchez,Marie-françoise,Itaituba,F,Indigo
Chapman,Desirée,Uripa,F,Orange
Ortiz,Björn,Suleja,M,Maroon
James,Lài,Dar Chabanne,F,Red
Coleman,Daphnée,Žabljak,F,Maroon
Bell,Lèi,As Sūsah,M,Goldenrod
Parker,Angélique,Bangonay,M,Aquamarine
Wells,Vénus,Sirājganj,M,Puce
Montgomery,Andréa,Ōzu,M,Red
Cook,Cléopatre,Krajan Dua Padomasan,F,Aquamarine
Larson,Amélie,Hancheng,F,Aquamarine
Fuller,Torbjörn,Yetang,M,Aquamarine
Watson,Françoise,Santiago,F,Pink
Knight,Crééz,Sémbé,F,Indigo
Little,Lucrèce,Luftinjë,F,Khaki
Rogers,Mélodie,Shuanghejiedao,F,Aquamarine
Bell,Anaël,Tengah,M,Crimson
Banks,Régine,Xidianzi,M,Indigo
Freeman,Magdalène,Piggs Peak,F,Red
Torres,Océanne,Ash Shuqayrah,M,Red
Roberts,Michèle,Indianapolis,M,Indigo
Arnold,Vénus,Phoenix,F,Goldenrod
Henry,Clémentine,Odessa,F,Crimson
Payne,Cunégonde,Milwaukee,F,Green
Lane,Eléa,Baltimore,F,Violet
Warren,Marie-ève,Nyazura,M,Green
Fox,Angèle,Mirões,F,Khaki
Kelly,Lauréna,Visoko,M,Fuscia
Cole,Ruì,Sztum,F,Crimson
Wheeler,Nélie,Dawan,F,Fuscia
Bishop,Lài,Zhanghekou,F,Maroon
Perez,Gwenaëlle,Xiaojiang,F,Teal
Stephens,Simplifiés,Trondheim,M,Orange
Gonzalez,Méryl,Troitsk,M,Puce
Hernandez,Méthode,Gotemba,F,Turquoise
Ward,Cloé,Caujul,F,Teal
Howell,Lèi,Xiaohe,M,Maroon
Schmidt,Aurélie,Gunajaya,F,Fuscia
Johnston,Gaïa,Tocota,M,Turquoise
Oliver,Sòng,Valencia,M,Pink
Arnold,Hélèna,Novokhovrino,M,Fuscia
Wallace,Gösta,Wonocolo,F,Purple
Matthews,Athéna,Al ‘Azīzīyah,M,Crimson
Perkins,Cléopatre,Ostrowsko,F,Goldenrod
Burton,Sélène,Katsuyama,M,Teal
Howell,Adèle,An Châu,M,Orange
Johnson,Eléonore,Gorjani,M,Blue
Morris,Angèle,Cerklje na Gorenjskem,F,Mauv
Garrett,Léane,Xinchengpu,F,Mauv
Larson,Laïla,Francistown,F,Fuscia
Kennedy,Bérangère,Pontevedra,F,Turquoise
Dean,Clémentine,Aibura,F,Yellow
Cunningham,Maï,Young,M,Khaki
West,Maïlys,Fonte Boa,M,Violet
Stevens,Kévina,Manta,F,Aquamarine
Fuller,Stévina,Baitian,M,Khaki
Holmes,Réjane,Popayán,F,Purple
Roberts,Audréanne,Dzięgielów,F,Blue
Wilson,Geneviève,Chorente,F,Turquoise
Long,Méline,Oro Verde,F,Khaki
Fowler,Zhì,Buenavista,M,Indigo
Hanson,Léonore,San Salvador,F,Aquamarine
Harvey,Dorothée,Mmaaf,F,Aquamarine
Morales,Judicaël,Campo Largo,M,Turquoise
Ferguson,Marie-josée,Měnín,M,Turquoise
Riley,Naëlle,El Copé,F,Purple
Banks,Mélina,Almaguer,M,Khaki
Perkins,Anaé,Dédougou,M,Crimson
Collins,Liè,Changtian,M,Purple
Campbell,Yóu,Saransk,F,Mauv
Cole,Frédérique,Lacroix-Saint-Ouen,M,Goldenrod
Payne,Loïc,Zuocun,F,Khaki
Perez,Méng,San Juan,F,Pink
Crawford,Anaël,Velká Bystřice,M,Red
Burke,Loïs,Dalianhe,M,Orange
Fowler,Edmée,Shāhpur,M,Maroon
Nichols,Ruò,Diébougou,M,Violet
Hart,Méghane,San Lorenzo,M,Violet
Gutierrez,Maïlys,Campo Quijano,F,Khaki
Richards,Frédérique,Castañas,F,Turquoise
Ross,Garçon,Garagoa,F,Mauv
Tucker,Mahélie,Lukolela,M,Aquamarine
Carr,Salomé,Castêlo,M,Fuscia
Nguyen,Anaël,Gokwe,M,Yellow
Harrison,Lài,Hondo Valle,F,Turquoise
Sims,Loïs,Putukrejo,M,Yellow
Phillips,Michèle,Sidomekar,M,Khaki
Castillo,Dorothée,Babakankadu,F,Violet
Grant,Estée,Tarīm,M,Aquamarine
Lee,Danièle,Bilicenii Vechi,F,Orange
Cole,Yè,Altay sumu,M,Teal
Thomas,Clélia,Tagum,F,Red
Rose,Ruì,Moycullen,M,Violet
Perez,Stévina,Marapat,F,Orange
Garrett,Zoé,Tugu,F,Puce
James,Nélie,Ciawitali,M,Khaki
Thompson,Dafnée,Resende,M,Fuscia
Johnston,Mélys,La Unión,F,Fuscia
Gilbert,Marlène,San Juan Opico,M,Pink
Robinson,Maëlann,Shizikeng,M,Indigo
Hart,Daphnée,Pilar,F,Purple
Knight,Mélinda,Palos,F,Indigo
Marshall,Adélaïde,Zaoxi,F,Teal
Ward,Aimée,Chuantang,F,Puce
Snyder,Anaïs,Crossmolina,M,Pink
Garcia,Stévina,Sancha,F,Teal
Wood,Yénora,Huangcun,F,Fuscia
Roberts,Cléopatre,Ngerengere,F,Teal
Bradley,Maï,Waitun,M,Puce
Hayes,Sélène,Staronizhestebliyevskaya,M,Puce
Peterson,Maëline,Farah,M,Indigo
Ryan,Maëlle,Maoshan,F,Violet
Bailey,Loïca,Shuren,M,Indigo
Burns,Maï,Chisec,M,Green
Olson,Anaé,Qalqīlyah,M,Purple
Elliott,Eloïse,Hornówek,M,Fuscia
Long,Edmée,Sainte-Anne-de-Bellevue,F,Mauv
Gonzales,Béatrice,Pilpichaca,M,Violet
Adams,Aloïs,Bibis,F,Fuscia
Wilson,Cinéma,Huangli,M,Green
Bradley,Eugénie,Bente,F,Orange
Allen,André,Liliba,F,Fuscia
Ramirez,Görel,Rechka,F,Turquoise
Anderson,Laurélie,Krajan,M,Indigo
Price,Marlène,Mersam,M,Indigo
Coleman,Gisèle,Wadung,F,Fuscia
Simpson,Séverine,Chlumčany,M,Violet
Green,Geneviève,Tindog,F,Violet
Gibson,Marie-hélène,Yantan,F,Pink
Martinez,Cécile,Žďár,M,Aquamarine
Phillips,Rachèle,Mingyuedian,F,Orange
Duncan,Clémentine,Kaolack,M,Khaki
Jackson,Félicie,Vilcún,F,Green
Romero,Daphnée,Quiches,M,Puce
Russell,Mélia,Érd,F,Orange
Kim,Marie-thérèse,Marly-le-Roi,F,Red
Woods,Kallisté,Chixi,M,Fuscia
Montgomery,Eléa,Monteros,M,Maroon
Frazier,Marie-noël,Avanca,F,Turquoise
Ellis,Yénora,Manuel Roxas,M,Orange
Knight,Görel,Asquipata,M,Orange
Stone,Bérengère,Dūrā al Qar‘,M,Crimson
Medina,Illustrée,Tabatinga,F,Fuscia
Palmer,André,Ciwaru,M,Goldenrod
Reid,Lén,Ḩarastā,F,Maroon
Turner,Maëly,Ning’er,F,Khaki
Alexander,Josée,Wenhe,M,Turquoise
Wallace,Göran,Golopau,F,Purple
Webb,Clémence,Annecy,M,Turquoise
Olson,Desirée,K Bang,F,Indigo
Baker,Clémence,Jiangkou,F,Pink
Carter,Estève,Iwŏn-ŭp,M,Crimson
Greene,Salomé,Mnogoudobnoye,M,Blue
Mitchell,Stévina,Tumcon Ilawod,F,Turquoise
Mendoza,Thérèse,Castelsarrasin,F,Red
Hayes,Béatrice,Svetlyy,F,Fuscia
Roberts,Magdalène,Hässleholm,M,Turquoise
Morales,Lóng,Antas,M,Mauv
Davis,Laïla,Bulu,M,Red
Garza,Eléonore,Cagmanaba,M,Violet
Pierce,Gaïa,Badajoz,M,Yellow
Cox,Geneviève,Abangay,M,Green
Andrews,Méryl,Canchayllo,F,Puce
Gonzales,Séverine,Aībak,M,Turquoise
Ford,Noëlla,Shuijiang,M,Purple
Foster,Kévina,Al Hadā,M,Blue
Ramos,Esbjörn,Tarbagatay,M,Khaki
Nguyen,Céline,Famaillá,M,Turquoise
Schmidt,Tán,Kuiyong,F,Green
Holmes,Annotée,Nizhnyaya Tura,M,Teal
Thomas,Mélodie,Przesmyki,M,Indigo
Robinson,Océanne,Hatu Buh,M,Red
Little,Anaël,Karlshamn,F,Mauv
Jenkins,Maëlys,Bagroy,F,Khaki
Allen,Lén,Juuka,F,Yellow
Gilbert,Maëlle,Fengcheng,F,Goldenrod
Clark,Frédérique,Puncaksari,F,Orange
Adams,Ruò,La Virginia,M,Orange
Bowman,Audréanne,Lanhe,F,Violet
Garza,Gaétane,Karanglincak,M,Orange
Howell,Océane,Charlotte,M,Yellow
Franklin,Åsa,Skolkovo,F,Khaki
Franklin,Marlène,Rio do Sul,M,Orange
Ross,Stévina,Cavan,M,Khaki
Howard,Marie-noël,Wanmingang,M,Crimson
Watkins,Marylène,Zürich,F,Maroon
Lawson,Annotés,Baoji,F,Khaki
Perry,Lài,Zaliznychne,F,Red
Ramos,Béatrice,Sarpang,F,Green
Burns,Zoé,San Pablo,M,Fuscia
Gomez,Mà,Ampelgading,M,Yellow
Warren,Lèi,Yangcun,F,Purple
Gonzales,Sélène,Omaha,M,Orange
Shaw,Léane,Lavadorinhos,F,Purple
Thompson,Adèle,Altay sumu,M,Pink
Scott,Clémence,Lagoa da Prata,F,Yellow
Stewart,Bérangère,Qila Abdullāh,M,Blue
Green,Léa,El Corozo,M,Goldenrod
Bailey,Nuó,Neiva,F,Green
Austin,Audréanne,Capivari,M,Crimson
Evans,Judicaël,Besuki Dua,F,Green
Woods,Lèi,Krynki,M,Turquoise
Watson,Méryl,Parumasan,F,Yellow
Cunningham,Célia,Kamenka,F,Indigo
Chapman,Léone,Xinye,F,Goldenrod
Johnson,Réjane,Balogo,M,Fuscia
Snyder,Cloé,Walichnowy,M,Violet
Griffin,Sélène,Pendawanbaru,F,Fuscia
Mason,Mélanie,Luuka Town,M,Crimson
Watson,Edmée,Duncan Town,F,Teal
Bradley,Cécilia,Campo Formoso,F,Teal
Alvarez,Gaïa,Dushi,F,Maroon
Cox,Pénélope,Del Pilar,M,Pink
Fox,Örjan,Okiot,F,Khaki
Montgomery,Camélia,Tak Bai,F,Green
Robinson,Bérengère,Krajan,F,Violet
Howard,Célia,Campo,M,Pink
Matthews,Estée,Kitango,M,Indigo
Jacobs,Maéna,Timahankrajan,M,Indigo
Garcia,Pål,Eslöv,F,Aquamarine
Burton,Almérinda,Nuevo Chamelecón,M,Puce
Hall,Méthode,Hake,M,Blue
Holmes,Dà,Bacalan,M,Purple
Wagner,Alizée,Bourges,F,Puce
Gutierrez,Mårten,Kowalewo Pomorskie,M,Aquamarine
Harrison,Réservés,San Ramón,M,Aquamarine
Rice,Simplifiés,Morón,F,Aquamarine
Robinson,Andrée,Tuqiao,F,Crimson
Hudson,Solène,Naawan,F,Violet
Hicks,Néhémie,Minas de Marcona,F,Blue
Nelson,Maïwenn,Esquel,M,Aquamarine
Ramirez,Célestine,Bergem,F,Aquamarine
Gutierrez,Uò,Oromocto,M,Blue
Oliver,Lyséa,Novi Bilokorovychi,M,Fuscia
Martinez,Gwenaëlle,Middleton,M,Goldenrod
Andrews,Maëlyss,Jiuheyuan,M,Indigo
Myers,Célia,Suncun,M,Yellow
Ray,Fèi,Tangalla,F,Crimson
Wells,Rébecca,Borodinskiy,M,Turquoise
Jackson,Cléopatre,Goroka,F,Puce
Romero,Mélina,Entre Rios,M,Aquamarine
Franklin,Mén,Alquerubim,M,Indigo
Marshall,Rachèle,Pitkyaranta,F,Pink
Spencer,Ruì,Umuahia,F,Crimson
Gonzalez,Maïwenn,Koryukivka,F,Purple
Holmes,Edmée,Wangcheng,M,Violet
Martinez,Táng,Ciorescu,M,Violet
Ramos,Kévina,Nam Phong,M,Violet
Hudson,Gwenaëlle,Usevia,M,Green
Patterson,Naëlle,El Aguacate,M,Khaki
Montgomery,Séréna,Ojiya,F,Yellow
Armstrong,Ráo,Tarczyn,M,Pink
Gilbert,Lorène,Lexington,F,Blue
Burke,Judicaël,Chengji,F,Indigo
Kelley,Cunégonde,Wiskitki,F,Orange
Jordan,Laurélie,Würzburg,F,Aquamarine
Sanders,Ruò,Cinco Saltos,F,Mauv
Bailey,Yè,Cibitung,F,Orange
Bryant,Lorène,Nogliki,F,Turquoise
Flores,Torbjörn,Dunkerque,M,Teal
Burke,Åslög,Aksu,F,Teal
Schmidt,Hélèna,Ballisodare,F,Yellow
Little,Åke,Anhai,M,Blue
Romero,Rachèle,Kot Sultan,M,Blue
Palmer,Réjane,Willemstad,M,Blue
Bennett,Léonore,Santa Rosa,F,Violet
Foster,Gaëlle,Nuga,F,Violet
Allen,Loïs,Kandangan,M,Violet
Long,Anaïs,Zevenaar,F,Goldenrod
Fuller,Maëlle,Banjar Jagasatru,M,Purple
Carter,Lucrèce,Mae Chan,F,Puce
Lewis,Nadège,Monte,F,Turquoise
Powell,Åke,Várzea de Sintra,F,Crimson
Garrett,Cléa,Aheloy,M,Red
Hamilton,Maëly,Novohrad-Volyns’kyy,M,Goldenrod
Bennett,Naéva,Janaka,M,Goldenrod
Johnston,Garçon,Pizarro,F,Green
Bell,Adèle,Trhové Sviny,F,Puce
Romero,Geneviève,Bei,M,Fuscia
Warren,Adélaïde,Boncis,F,Crimson
Carr,Loïc,Bridgetown,M,Pink
Kennedy,Eloïse,Dalonghua,M,Indigo
Fields,Alizée,Sosnowiec,F,Khaki
Greene,Cunégonde,Zhenjiang,M,Red
Kelley,Zhì,Baon,F,Puce
Gomez,Daphnée,Cruz de los Milagros,M,Turquoise
Dixon,Océane,Huadi,F,Green
Rogers,Loïca,Boyu,M,Indigo
Lane,Estève,Emiliano Zapata,F,Maroon
Gray,Cléa,Saint-Eustache,F,Yellow
Price,Marie-noël,Karlskoga,M,Maroon
Martinez,Léone,Tawa,M,Goldenrod
Bowman,Eléa,Xiaoguwei,M,Purple
Harris,Michèle,Xijiang,F,Orange
Boyd,Åsa,Memaliaj,M,Maroon
Fisher,Marie-noël,Prainha de Baixo,F,Pink
Peterson,Angélique,Kurzętnik,F,Maroon
Jones,Félicie,Huaihe,M,Blue
Mills,Håkan,Khandagayty,M,Maroon
Sullivan,Célia,Okuta,F,Fuscia
Lane,Béatrice,Stupsk,F,Crimson
Snyder,Annotés,Tønsberg,M,Turquoise
Snyder,Renée,Guocun,F,Mauv
Torres,Mélinda,Kyonju,M,Maroon
Burns,Clémentine,Cabatang,M,Aquamarine
Pierce,Ophélie,Yanji,F,Violet
Jacobs,André,Zharkent,F,Yellow
Richardson,Mélina,Bogorodskoye,F,Turquoise
Bradley,Uò,President Roxas,M,Mauv
Thompson,Nuó,Sousse,F,Orange
Welch,Aí,Villa del Rosario,F,Blue
Dunn,Gaïa,Montpellier,F,Mauv
Webb,Maëlle,Lugu,M,Purple
Snyder,Ruì,Lengkongbarang,M,Pink
Austin,Lài,Castro Barros,M,Pink
Thomas,Ruò,Hekou,F,Orange
Gonzalez,Laïla,Caoyan,M,Khaki
Moreno,Styrbjörn,Lukićevo,M,Turquoise
Morales,Uò,Marau,M,Fuscia
Harper,Edmée,La Paz,M,Green
Sullivan,Joséphine,Taha Man Zu,M,Fuscia
Martinez,Médiamass,Nenotes,M,Turquoise
Gibson,Edmée,Guanfang,M,Goldenrod
Snyder,Méline,Golina,M,Green
Graham,Noémie,Huangchi,M,Violet
Green,Kévina,Sumbuya,M,Indigo
Gonzales,Märta,Nālūt,M,Mauv
Miller,Athéna,Zhovkva,F,Khaki
Peters,Marie-thérèse,Kampong Chhnang,F,Indigo
Robinson,Maëly,Jiefang,F,Puce
Allen,Célia,Muff,F,Purple
Willis,Inès,Tsiatsan,F,Khaki
Graham,Björn,Jubao,M,Red
Peters,Rébecca,Muting,F,Yellow
Austin,Séverine,Cipolletti,F,Pink
Nichols,Maïlis,Jönköping,F,Fuscia
Johnson,Marie-josée,Rimus,M,Turquoise
Hernandez,Uò,Al Kittah,F,Teal
Armstrong,Maïlis,Carice,M,Violet
Alvarez,Valérie,Ridder,F,Aquamarine
Franklin,Néhémie,Rimbo,M,Green
Mendoza,Noëlla,Morro Agudo,M,Turquoise
Howell,Yóu,Marmárion,M,Aquamarine
Harper,Pélagie,Khlong Khuean,M,Turquoise
Snyder,Dà,Thị Trấn Hùng Quốc,F,Khaki
Coleman,Miléna,Buenavista,F,Green
Gray,Lóng,Jinshan,F,Yellow
Rice,Nuó,Puno,F,Turquoise
Martin,Magdalène,Jolo,F,Turquoise
Mccoy,Naéva,Coutances,M,Red
Willis,Ruì,Op,M,Yellow
Mendoza,Vénus,At-Bashi,F,Maroon
Carter,Yóu,Wuling,F,Maroon
Williams,Rachèle,Languan,M,Orange
Foster,Gaétane,Bromma,M,Blue
Bailey,Salomé,Cangzhou,F,Fuscia
Ruiz,Yáo,Hushan,M,Yellow
Stephens,Börje,Tsant,F,Puce
Rodriguez,Naéva,Shiye,M,Maroon
Brown,Anaëlle,Hecheng,F,Indigo
Diaz,Méghane,Göteborg,F,Turquoise
Wright,Renée,Zhutang,F,Indigo
Graham,Mårten,Edsbyn,M,Blue
Bell,Océane,Ndano,F,Fuscia
Carter,Cinéma,Druzhba,M,Puce
Harper,Håkan,La Tuque,F,Blue
Myers,Méghane,Kiltamagh,M,Purple
Scott,Crééz,Penedo,F,Blue
Lopez,Maïté,Papringan,M,Pink
Brooks,Tán,El Asintal,M,Mauv
James,Mélia,Dayr Abū Ḑa‘īf,F,Violet
Bradley,Mélina,Zuolan,F,Khaki
Hughes,Håkan,Barcarena,M,Mauv
Ford,Görel,Esperanza,M,Red
Hanson,Björn,Wolofeo,F,Aquamarine
Berry,Mélodie,Cineumbeuy,M,Maroon
Ray,Mahélie,Kafr Miṣr,F,Blue
Lopez,Frédérique,Rouen,F,Orange
Lee,Ráo,Rennes,M,Indigo
Morrison,Loïs,Jishan,F,Maroon
Stephens,Lorène,Castelli,F,Purple
Gibson,Cloé,Borzytuchom,F,Green
Bishop,Renée,Ar Riqāmā,F,Red
Foster,Gérald,Sande São Lourenço,M,Blue
Moreno,Torbjörn,Río Ceballos,F,Pink
Thomas,Pénélope,Jardín,M,Maroon
Ross,Cunégonde,Chicago,F,Pink
George,Håkan,Morrison,M,Turquoise
Kelly,Marie-josée,Santol,F,Teal
Williams,Loïs,Chanuman,M,Maroon
Lane,Kallisté,Barubandung,M,Violet
Walker,Frédérique,Nagqu,F,Green
Brown,Michèle,Thị Trấn Na Hang,F,Violet
Warren,Bérénice,Mashi,F,Crimson
Thompson,Åslög,Kysyl-Syr,M,Purple
Coleman,Daphnée,Baitao,M,Teal
Austin,Publicité,Belgrade,M,Red
Mills,Mélinda,Suzdal’,M,Goldenrod
Gutierrez,Bécassine,Seputih,F,Indigo
Lopez,Personnalisée,Puerto Princesa,F,Mauv
Simpson,Desirée,Dongjia,F,Goldenrod
Riley,Eléa,Santa Isabel,F,Turquoise
Bennett,Estée,Hazlov,F,Mauv
Cooper,Desirée,Krasnogorskiy,F,Orange
Gilbert,Göran,Saparbay,M,Crimson
Austin,Nuó,Sukarame,F,Violet
Jordan,Chloé,La Escondida,M,Pink
Schmidt,Rachèle,Kauran,F,Violet
Murphy,Dù,Kruševica,F,Puce
Mitchell,Yáo,San Pa Tong,F,Puce
Payne,Océanne,Monticello,M,Maroon
Mills,Yè,Chuntai,F,Red
Little,Renée,Bandar-e Lengeh,F,Indigo
Davis,Séréna,Skanör,F,Blue
Ramirez,Camélia,Tangga’an,M,Turquoise
Patterson,Zoé,Duncans,F,Purple
Alvarez,Faîtes,Tygda,M,Teal
Baker,Björn,Wakema,F,Crimson
Rice,Léonore,Traiguén,M,Blue
Alexander,Maïlys,Ḩalḩūl,M,Mauv
Ferguson,Mélys,Göteborg,F,Maroon
Garza,Régine,Breda,F,Green
Reynolds,Marlène,Lop Buri,M,Green
Hansen,Lucrèce,Pagersari,F,Turquoise
Price,Maëlla,Trojanów,M,Puce
Ward,Lài,Covas,F,Mauv
Rose,Andrée,Telsiai,F,Maroon
Armstrong,Cinéma,Espírito Santo do Pinhal,M,Khaki
Kelly,Léandre,Bosilovo,M,Goldenrod
Reid,Adèle,Ferreiros,M,Green
Johnston,Angélique,Montargis,M,Mauv
Reyes,Célestine,Hecheng,F,Blue
Spencer,Léa,Corralito,M,Khaki
Cunningham,Mårten,Wenfeng Zhen,F,Maroon
Ryan,Örjan,Vigo,M,Teal
Parker,Nadège,Duyun,F,Goldenrod
Gray,Estée,Khovd,M,Turquoise
Harper,Renée,Sukasirna,F,Pink
Baker,Yè,Jincheng,M,Indigo
Bishop,Ruò,Trollhättan,F,Purple
Sullivan,Annotée,Gangmian,F,Green
Williamson,Léane,Kičevo,F,Fuscia
Howard,Publicité,Changhe,M,Maroon
Simpson,Rachèle,Nam Kliang,M,Blue
Perry,Miléna,Jiantou,M,Yellow
Simmons,Adèle,Báguanos,F,Red
Ferguson,Géraldine,Xiamayu,F,Pink
Montgomery,Médiamass,Richmond,F,Red
Garrett,Esbjörn,Torrevieja,F,Khaki
Martinez,Eugénie,Periyiáli,M,Goldenrod
Cruz,Pål,Kuantan,F,Red
Bell,Régine,Sangmélima,F,Goldenrod
Collins,Danièle,Korenovsk,F,Puce
Reid,Bécassine,Nirasaki,F,Turquoise
Woods,Liè,Bojongsarung,F,Green
Mills,Léonore,Candoni,M,Violet
Sims,Inès,Antanifotsy,M,Puce
Fuller,Ruò,Kuybyshevskiy Zaton,F,Fuscia
Ross,Stévina,Briceni,M,Puce
Davis,Clélia,Slobodnica,M,Indigo
Ortiz,Bérengère,Yaguarón,F,Green
Weaver,Félicie,Saurimo,F,Teal
Sanchez,Liè,Sacramento,F,Teal
Brown,Alizée,Bonao,M,Maroon
Garcia,Danièle,Ambanja,F,Khaki
Frazier,Océanne,Fresno,F,Khaki
Hart,Maïlys,Tuapse,M,Puce
Shaw,Irène,La Guadalupe,F,Aquamarine
Lawson,Ruò,Megati Kelod,F,Crimson
Fernandez,Aloïs,Tuusula,F,Indigo
Young,Stéphanie,Sukoanyar,M,Violet
Torres,Liè,Säffle,M,Turquoise
Perez,Angélique,Perjuangan,F,Mauv
Vasquez,Irène,Sabanitas,M,Yellow
Martin,Maïlys,Dian-ay,M,Mauv
Dunn,Pål,Nebug,M,Purple
Hanson,Lucrèce,Mingoyo,F,Teal
Warren,Maëlyss,Hongdu,F,Purple
Garza,Marylène,Prey Veng,F,Teal
Dunn,Kévina,Tegalsari,M,Teal
Shaw,Kù,Kota Kinabalu,F,Turquoise
Sanders,Léonie,Villa Alemana,M,Fuscia
Fuller,Yáo,Montego Bay,M,Crimson
Welch,Loïs,Suqin Huimin,F,Red
Mason,Lorène,Podgornaya,F,Maroon
Lane,Cinéma,Mata-Utu,F,Yellow
Hunter,Béatrice,Altay,F,Teal
Robertson,Audréanne,Kovářov,F,Yellow
Welch,Célestine,Åmål,F,Blue
Franklin,Åslög,To’rtko’l Shahri,M,Goldenrod
Johnston,Annotés,Banbalah,F,Turquoise
Howard,Léandre,Congkar,M,Violet
Jones,Néhémie,Katuli,M,Orange
Price,Adélie,Neftegorsk,M,Violet
Hughes,Clémence,El Rancho,M,Violet
Turner,Thérèse,Providencia,M,Indigo
Meyer,Nadège,Paris La Défense,F,Crimson
Willis,Naëlle,Pushkino,F,Goldenrod
Owens,Tán,Burgos,F,Orange
Nelson,Maëlyss,Boa Esperança,F,Mauv
Bryant,Geneviève,Rote,M,Maroon
Sims,Adélaïde,Lughaye,F,Blue
Allen,Marie-noël,Tarbes,F,Goldenrod
Gomez,Erwéi,Boguchar,F,Mauv
Willis,Magdalène,Nuasepu,M,Aquamarine
Price,Judicaël,Ngilengan,F,Violet
Ward,Josée,Kochetok,F,Yellow
Morris,Marie-ève,Camaligan,M,Aquamarine
Reid,Marie-josée,Psyzh,F,Green
Ray,Ophélie,Molugan,M,Maroon
Garrett,Crééz,Sortavala,M,Red
Mason,Táng,Rulong,M,Crimson
Morales,Pélagie,Wiwilí,M,Pink
Torres,Loïc,Colorado Springs,F,Fuscia
Stanley,Lyséa,Xingang,M,Goldenrod
Gonzales,Gaëlle,Pokrovskoye-Streshnëvo,F,Blue
Palmer,Wá,Helsingborg,M,Maroon
Stone,Léandre,Meaux,F,Crimson
Kelly,Anaël,Khatanga,M,Violet
Ford,Andréanne,Sandaohezi,M,Violet
Carroll,Dafnée,Sidi Redouane,M,Purple
Mason,Ophélie,Semongkat,M,Khaki
Johnson,Lén,Ala,M,Goldenrod
Lewis,Cloé,Nanpiao,F,Puce
Peters,Bénédicte,Mugumu,M,Blue
Garrett,Béatrice,Penambangan,F,Orange
Diaz,Dorothée,Crossmolina,M,Blue
Howell,Daphnée,Aranos,M,Teal
Fox,Pénélope,Manga,M,Blue
Ruiz,Noémie,Ormož,M,Khaki
Bell,Alizée,Trindade,M,Violet
Lawrence,Thérèsa,Ögöömör,M,Blue
Lawson,Célia,Lanas,M,Aquamarine
West,Renée,Chengbei,M,Red
Walker,Edmée,Puerto Barrios,F,Goldenrod
Matthews,Sélène,Leping,F,Violet
Carter,Amélie,Pokrovka,F,Goldenrod
Lopez,Régine,Karanglincak,M,Crimson
Mendoza,Uò,Brusyliv,F,Violet
Rodriguez,Michèle,Anling,F,Orange
Rodriguez,Cécile,Tatebayashi,M,Crimson
Turner,Maïlys,Xiangjia,M,Goldenrod
Smith,Kévina,Itsukaichi,F,Aquamarine
Garcia,Judicaël,Donduşeni,F,Maroon
Gutierrez,Séverine,Baghlān,M,Indigo
Snyder,Publicité,Novosmolinskiy,M,Puce
Williamson,Naéva,Dinan,M,Crimson
Lawson,Desirée,Camiri,F,Indigo
Russell,Garçon,Kėdainiai,M,Indigo
Kim,Maëlla,Caeté,M,Crimson
Evans,Laurène,Sarnów,F,Purple
Collins,Adèle,Pirava,M,Aquamarine
Austin,Eloïse,Yihe,F,Goldenrod
Frazier,Solène,Chocope,M,Khaki
Simpson,Marylène,Dongtuan,M,Blue
Matthews,Bécassine,Klatovy,M,Yellow
Perez,Pò,Karlstad,M,Maroon
Romero,Lài,Daliyuan,M,Green
Little,Vénus,Pokrovo-Prigorodnoye,F,Purple
Andrews,Aloïs,Creil,M,Teal
Montgomery,Françoise,Henglu,F,Orange
Dixon,Cloé,Mazhonghe,F,Red
Morrison,Célia,Manat,M,Puce
Mason,Nélie,Tha Bo,F,Teal
Rodriguez,Mélodie,Ursk,M,Indigo
Boyd,Célia,Bariri,F,Fuscia
Miller,Erwéi,Basoko,F,Fuscia
Hart,Bérénice,Mberubu,M,Pink
Palmer,Gaëlle,Toledo,M,Fuscia
Dunn,Solène,Alakak,F,Green
Ray,Néhémie,Kashar,M,Red
Gibson,Hélène,Roma,F,Maroon
Tucker,Camélia,Palpalá,F,Goldenrod
Powell,Maëly,Kamaishi,F,Puce
Hall,Aloïs,Vigo,M,Pink
Fields,Céline,Wieczfnia Kościelna,M,Maroon
Lane,Maëlann,Xukou,M,Pink
Day,Uò,Bato,M,Fuscia
Mcdonald,Marie-hélène,Zamora,F,Yellow
Arnold,Agnès,Villasis,M,Khaki
Banks,Maéna,Izmaylovo,M,Pink
Owens,Clélia,Quintela,M,Red
Bryant,Måns,Jakusko,F,Puce
King,Géraldine,Mirovka,F,Purple
Alvarez,Béatrice,Yishui,M,Fuscia
Banks,Josée,Ginir,M,Violet
Nichols,Faîtes,Dongpu,M,Crimson
Perry,Eugénie,Shuanglong,M,Violet
Gutierrez,Frédérique,Cajamarca,F,Violet
Barnes,Maëlyss,Longcun,M,Pink
Williamson,Marylène,Las Vegas,F,Khaki
Cruz,Ruò,Prislonica,F,Crimson
Berry,Annotée,Muli,M,Goldenrod
Cook,Mårten,Mandalasari,F,Fuscia
Collins,Gaïa,Santa Ignacia,F,Teal
Hawkins,Noëlla,Hongxing,F,Indigo
Murphy,Valérie,Hanfeng,F,Pink
Harper,Cléopatre,Issy-les-Moulineaux,F,Purple
Castillo,Dù,Skomielna Czarna,M,Khaki
Young,Maëlle,Ambon,F,Puce
Weaver,Magdalène,Sumqayıt,M,Red
Spencer,Renée,Vancouver,M,Indigo
Rodriguez,Tán,Bongor,M,Puce
Richards,Léandre,Cigaras,F,Yellow
Wilson,Thérèse,Villeneuve-d'Ascq,F,Khaki
Rose,Hélèna,Mosopa,M,Red
Hanson,Cléopatre,Podbuzh,M,Indigo
Shaw,Jú,Yanzhou,F,Khaki
Ford,Maïté,Nesterovskaya,F,Fuscia
Mason,Faîtes,Ylihärmä,M,Violet
Snyder,Lài,Hanover,F,Maroon
Berry,Publicité,Kuaidamao,M,Orange
Chavez,Adélie,Kisesa,F,Maroon
Wheeler,Almérinda,Säffle,F,Goldenrod
Moore,Angélique,Columbia,F,Turquoise
Tucker,Kallisté,Dhahi,M,Maroon
Ramos,Maïlis,Pittsburgh,M,Green
Webb,Gisèle,Pieksämäki,F,Pink
Anderson,Régine,Changyuan,F,Pink
Ferguson,Kuí,Chiguayante,M,Aquamarine
Scott,Björn,Nihommatsu,M,Green
Wells,Publicité,Ol’ginskaya,F,Violet
Hughes,Eloïse,Yên Thành,F,Blue
Vasquez,Mahélie,Palmito,M,Crimson
Hill,Maëlys,Lasi Dua,F,Yellow
Perkins,Mélina,Gŭlŭbovo,F,Indigo
Cruz,Danièle,Willemstad,F,Aquamarine
Johnson,Mélinda,Pavlovskiy Posad,F,Mauv
Lawson,Åke,Eger,F,Turquoise
Hawkins,Ruì,Mojo,M,Aquamarine
Ross,Bécassine,Napanee Downtown,M,Maroon
Peters,Béatrice,Linshanhe,M,Teal
Morris,Yóu,San Alberto,M,Blue
Fowler,Maëline,Ciomas,F,Pink
Jenkins,Andrée,Saño,M,Orange
Green,Mén,Mardā,F,Green
Jordan,Clémence,Philadelphia,M,Mauv
Powell,Anaël,Benhao,M,Red
Perkins,Audréanne,Rybnaya Sloboda,M,Red
Long,Bérénice,Ciguha Tengah,M,Violet
Alexander,Edmée,Astanajapura,M,Green
Walker,Esbjörn,Yên Mỹ,M,Goldenrod
Collins,Gérald,Mungo,M,Purple
Reid,Liè,Carpalho,F,Goldenrod
Dean,Anaïs,Rakszawa,M,Orange
Hayes,Cléopatre,Lindavista,F,Green
Peters,Mégane,Fulin,F,Indigo
Elliott,Amélie,Yanino Vtoroye,M,Maroon
Cole,Séverine,Puerto Rico,M,Green
Holmes,Amélie,Huangzhu,M,Teal
Dixon,Agnès,Yeniugou,M,Orange
Peters,Aloïs,Catolé do Rocha,M,Teal
Shaw,Yóu,Dongbei,M,Yellow
Shaw,Faîtes,Gentilly,M,Puce
Weaver,Marlène,Colonia Nicolich,M,Goldenrod
Arnold,Crééz,Blagoevgrad,F,Blue
Wright,Maïlys,Krajan,F,Pink
Johnson,Göran,Toila,F,Pink
Schmidt,Lóng,Parabcan,F,Turquoise
Patterson,Daphnée,Boje,F,Pink
Oliver,Kallisté,Charleville-Mézières,M,Pink
Barnes,Edmée,As Suqaylibīyah,M,Maroon
Baker,Ruì,Gengzhuang,F,Puce
Reed,Maëlann,Tsurugi-asahimachi,F,Indigo
Hamilton,Cinéma,Osek nad Bečvou,M,Turquoise
Burns,Léane,Wuguishan,M,Yellow
Smith,Personnalisée,Três Pontas,M,Turquoise
Roberts,Dà,Chunghwa,M,Indigo
Fernandez,Marie-noël,Czerwonak,M,Blue
Boyd,Ophélie,Aguaí,F,Maroon
Adams,Célestine,Jaffna,F,Indigo
George,Anaïs,Leshukonskoye,F,Crimson
Hawkins,Personnalisée,Dniprodzerzhyns’k,F,Teal
Cook,Véronique,São Pedro,F,Red
Moreno,Régine,Roseau,M,Fuscia
Franklin,Aloïs,Banjar Sengguan,F,Mauv
Holmes,Véronique,Saint-Maur-des-Fossés,F,Indigo
Peters,Méghane,Xiahong,M,Pink
Peters,Adélie,Dijon,M,Violet
Martinez,Kévina,Npongge,M,Orange
Ferguson,Lauréna,Tidili Mesfioua,M,Fuscia
Ramos,Gwenaëlle,Thành Phố Hạ Long,M,Fuscia
Mendoza,Gwenaëlle,Shekou,M,Teal
Harrison,Méghane,Shuanglu,F,Maroon
Pierce,Fèi,Charqueadas,M,Fuscia
Ruiz,Géraldine,Chiang Rai,M,Aquamarine
Roberts,Ruì,Yumani,F,Violet
Wells,Börje,Tutem,M,Goldenrod
Tucker,Andréa,Banzão,F,Fuscia
Fox,Ráo,Devesa,F,Blue
Phillips,Bérengère,Pushkino,M,Turquoise
Flores,Audréanne,Bor Ondor,M,Violet
Simmons,Léonie,Chunshui,F,Mauv
Gomez,Amélie,Anjie,M,Turquoise
Hunter,Bénédicte,Ituberá,F,Blue
Hawkins,Ráo,Shuiche,M,Yellow
Patterson,Michèle,Prainha de Baixo,M,Green
Stanley,Ruì,Parthenay,F,Pink
Fowler,Mahélie,Huangtudian,F,Aquamarine
Barnes,Marlène,Alivéri,F,Fuscia
Alexander,Inès,Pyra,M,Teal
Holmes,Mélina,Zlatni Pyasatsi,M,Aquamarine
Mitchell,Aurélie,Xiage,M,Teal
Franklin,Kévina,Mammari,M,Aquamarine
Martin,Céline,Mayma,F,Green
Mendoza,Vénus,Okulovka,F,Pink
Carr,Salomé,Leiria,M,Puce
Bailey,Régine,El Suyatal,F,Orange
Webb,Marie-josée,Kowale Oleckie,M,Mauv
Stanley,Stéphanie,Ploso,F,Blue
Montgomery,Laurène,Dayou,M,Orange
Palmer,Bécassine,Tanjungampalu,M,Maroon
Clark,Bécassine,Caraballeda,M,Teal
Thomas,Illustrée,Ovsyanka,F,Goldenrod
Jacobs,Anaé,Valence,M,Goldenrod
Baker,Géraldine,São Mateus do Maranhão,F,Pink
Fuller,Bérangère,Neiba,F,Crimson
Perkins,Annotée,Tepal,F,Indigo
Ward,Réservés,Petrikov,F,Violet
