Stone,Julia,Babakantugu,F,Maroon
Cruz,Victor,San Casimiro,M,Yellow
Rivera,William,Kezileboyi,M,Purple
Nelson,Frank,Cempaka,M,Khaki
Frazier,Adam,Nyagan,M,Mauv
Tucker,Andrea,Xiaochengzi,F,Violet
Rose,Irene,Nizhniy Dzhengutay,F,Fuscia
Ross,Harold,Maonon,M,Yellow
Berry,Matthew,Saint John,M,Mauv
Reyes,Antonio,Gongyi,M,Crimson
Anderson,Denise,Chuchkovo,F,Khaki
Castillo,Kenneth,Ballinteer,M,Indigo
Woods,Randy,Saurama,M,Red
Barnes,Harold,Gendiwu,M,Green
Harper,Timothy,Sidirókastro,M,Orange
Flores,Frank,Wola Sernicka,M,Puce
Garcia,Harold,San Patricio,M,Orange
Harris,Theresa,Marinha,F,Teal
Nichols,Joshua,Mahalapye,M,Crimson
Harper,Ronald,Chenda,M,Pink
White,Gerald,Taung,M,Mauv
Harvey,Jack,Polevskoy,M,Yellow
Oliver,Christina,Yinghua,F,Green
Lopez,Albert,Feyẕābād,M,Purple
Alexander,Sarah,Terezín,F,Teal
Myers,Marilyn,Aoqiao,F,Purple
Richards,Lillian,Buriwutung,F,Orange
Romero,Margaret,Baiguan,F,Yellow
Clark,Laura,Baiqiao,F,Indigo
Cooper,Mildred,Cileuya,F,Red
Morrison,Lois,Jacareí,F,Turquoise
Montgomery,Barbara,Asahi,F,Crimson
Andrews,Earl,San Antonio Ilotenango,M,Crimson
Stanley,James,Kasulu,M,Indigo
Ford,Gregory,Al Mawşil al Jadīdah,M,Green
King,Gloria,New Iloilo,F,Indigo
Little,Jimmy,Masons Bay,M,Goldenrod
Ramos,Beverly,Évora,F,Mauv
Cox,Marilyn,Pasirmanggu,F,Goldenrod
Reid,Matthew,Zehak,M,Khaki
Peters,Kelly,Sosnogorsk,F,Maroon
Carr,Carolyn,‘Anātā,F,Violet
Fox,Fred,Cibeureum,M,Khaki
Coleman,Marilyn,Dubki,F,Indigo
Russell,Gerald,Bokor,M,Goldenrod
Henderson,Susan,Wololele A,F,Pink
Meyer,Paul,Antíparos,M,Pink
Reid,Dorothy,Chatou,F,Maroon
Young,Ruby,Jalālpur Pīrwāla,F,Mauv
Snyder,Nicholas,Mapulo,M,Blue
Palmer,Randy,Żabnica,M,Teal
Little,Janice,Pukkila,F,Turquoise
Gutierrez,Carl,Qingfeng,M,Green
Gomez,Ruth,Krasnoye,F,Purple
Griffin,Carlos,São José do Egito,M,Aquamarine
Bennett,Kimberly,Baihe,F,Khaki
Stevens,Ryan,La Curva,M,Pink
Johnson,Nicole,Velykyy Burluk,F,Crimson
Coleman,Dennis,Hanzhong,M,Goldenrod
Matthews,Joseph,Åtvidaberg,M,Goldenrod
Anderson,Anne,Prinza,F,Indigo
Snyder,Kenneth,Borovany,M,Goldenrod
Johnston,Amanda,Kusatsu,F,Mauv
Taylor,Theresa,Pyhäjoki,F,Maroon
Black,Todd,Gąsocin,M,Teal
Fox,Peter,Seynod,M,Khaki
Armstrong,Mary,Zerok-Alakadari,F,Purple
Cole,Clarence,Lelystad,M,Maroon
Reed,Helen,Temara,F,Yellow
Hernandez,Shawn,Murça,M,Goldenrod
Gilbert,Jeffrey,Qianjin,M,Khaki
Jordan,Peter,Duyun,M,Purple
Green,Bonnie,Lapachito,F,Khaki
Frazier,Jesse,Azacualpa,M,Pink
Matthews,Jane,Vardenik,F,Blue
Powell,Melissa,Krujë,F,Crimson
Pierce,Mildred,Cezi,F,Red
Gray,Sara,Anadia,F,Purple
Ford,Dorothy,Jianshan,F,Crimson
Moore,Joe,Koundara,M,Puce
Webb,Lisa,Charneca,F,Yellow
Howard,Steve,Keelung,M,Red
Morgan,Mildred,Altenberg bei Linz,F,Orange
Garrett,Marie,Tanjung,F,Teal
Payne,Margaret,Katiola,F,Goldenrod
Baker,Wanda,Ozerki,F,Khaki
Simmons,Adam,Lukolela,M,Pink
Carter,Janet,Temandangjero,F,Yellow
Elliott,Jack,Goya,M,Pink
Rice,Harry,Timbrangan,M,Turquoise
Foster,Wanda,Cherskiy,F,Purple
Little,Shawn,Delgermörön,M,Maroon
Williamson,Deborah,Zürich,F,Teal
Elliott,Paul,Virovitica,M,Purple
White,Matthew,Nashville,M,Turquoise
Bowman,Amanda,Mizur,F,Turquoise
Oliver,Lawrence,Florentino Ameghino,M,Indigo
Riley,Ruby,Huangjiabu,F,Khaki
Chavez,Kelly,Osieck,F,Goldenrod
Freeman,Wanda,Maindang,F,Khaki
Warren,Harry,Gongjiahe,M,Aquamarine
Greene,Shirley,Gwangtan,F,Red
Greene,Jane,Tofol,F,Red
Patterson,Robert,Koror,M,Green
Cox,Jack,Giedlarowa,M,Indigo
Peters,Gloria,Borodinskiy,F,Violet
Grant,Cheryl,Noupoort,F,Yellow
Day,Albert,Sartana,M,Yellow
Knight,Betty,Las Junturas,F,Red
Daniels,Carolyn,Liuji,F,Purple
Cruz,Howard,Huangnihe,M,Green
Edwards,Patrick,Santa Cruz da Graciosa,M,Mauv
Gonzalez,Jean,San Diego,F,Red
Hansen,Patrick,La Fortuna,M,Blue
Fields,Brandon,Yanzhao,M,Green
Wells,Pamela,Gempol,F,Red
Woods,Christina,Luzhi,F,Crimson
Lewis,Frank,Sawahan,M,Teal
Hernandez,Alan,Az Zāhir,M,Red
Gutierrez,Margaret,San Martín Zapotitlán,F,Blue
Hanson,Russell,Liqiao,M,Green
Stanley,Dorothy,Narew,F,Indigo
Owens,Walter,Paris 06,M,Khaki
Garza,Judith,Kedungringin,F,Fuscia
Wright,Andrew,Bodeh,M,Purple
Lawrence,Evelyn,Odivelas,F,Indigo
Greene,Mary,Volot,F,Teal
Hicks,Theresa,Ermelo,F,Yellow
Bishop,Annie,Anār,F,Goldenrod
Bowman,James,Velikovechnoye,M,Teal
Olson,Larry,Cikuray,M,Puce
Powell,Johnny,Penanggapan,M,Indigo
Oliver,Terry,Cisaat,M,Blue
Snyder,Todd,Zdice,M,Indigo
Simpson,Doris,Pengbu,F,Yellow
Wright,Robert,Slovenske Konjice,M,Indigo
Hall,Bobby,Ágios Matthaíos,M,Yellow
Schmidt,Evelyn,Blinsung,F,Violet
Willis,Ryan,Liujiagou,M,Khaki
Cox,Jason,Jiujiang,M,Blue
Mason,Brian,Delareyville,M,Indigo
Phillips,Nicole,Stenungsund,F,Khaki
Owens,George,Beberon,M,Red
Gibson,Amanda,Changxuanling,F,Turquoise
Price,Jane,Metz,F,Teal
Bishop,Debra,Shahumyan,F,Turquoise
Howard,Sharon,Oro Verde,F,Indigo
Collins,Stephanie,Thị Trấn Mường Khương,F,Orange
Smith,Christopher,Shuanghe,M,Khaki
Ramos,Jesse,Lujiao,M,Fuscia
Gomez,Angela,Nueva Imperial,F,Mauv
Reid,Justin,Smętowo Graniczne,M,Khaki
Burns,Bruce,Phatthalung,M,Pink
Black,Gloria,Salogon,F,Blue
Knight,Thomas,Chuangye,M,Blue
Scott,Timothy,Sitangkai,M,Crimson
Reid,Howard,El Paso,M,Puce
Bradley,Norma,Dolní Kounice,F,Mauv
Owens,Louis,Roma,M,Maroon
Reed,Roy,Temeke,M,Indigo
Daniels,Todd,Daban,M,Teal
Wood,Wanda,Ndewel,F,Yellow
Hart,Lawrence,Aotou,M,Orange
Brooks,Anne,Pervomays’k,F,Fuscia
Fernandez,Shawn,Xunhe,M,Maroon
Stevens,Daniel,Keda,M,Crimson
Ortiz,Patricia,Turba,F,Blue
Payne,Judith,Yong’an,F,Mauv
Cole,Albert,San Fernando del Valle de Catamarca,M,Green
Gibson,Gary,Rodas,M,Yellow
Johnston,Russell,Jintian,M,Maroon
Henderson,Joshua,Nantes,M,Violet
Willis,Helen,Kinlough,F,Red
Palmer,Barbara,Central,F,Purple
Adams,Arthur,Mantes-la-Jolie,M,Maroon
Coleman,Frances,Sutton,F,Teal
Morris,Lillian,Trąbki,F,Turquoise
Flores,Aaron,Daji,M,Mauv
Romero,Billy,Nova Kakhovka,M,Indigo
Gutierrez,Nicole,Pasirangin Tiga,F,Indigo
Woods,Ann,Fort Myers,F,Crimson
Lawson,Antonio,Zhongfan,M,Teal
Ramirez,Katherine,Suponevo,F,Fuscia
Austin,Wanda,Huainan,F,Maroon
Murray,Bonnie,Calape,F,Teal
Gray,David,East End,M,Turquoise
Romero,Andrew,Huanggang,M,Turquoise
Richards,Diana,Mulyadadi,F,Khaki
Martinez,Edward,Ialibu,M,Turquoise
Cooper,Christina,Dazhangzhuang,F,Maroon
Dean,Wayne,Tekeli,M,Green
Porter,Paula,Yulao,F,Fuscia
Willis,Judith,Cabatang,F,Blue
Lawrence,Christine,Bridgewater,F,Red
Hart,Joe,Dallas,M,Crimson
Thompson,Alice,El Retén,F,Aquamarine
Edwards,Lori,Iporá,F,Red
Reyes,Michael,Mānānwāla,M,Maroon
Scott,Rachel,Lere,F,Blue
Hawkins,Joyce,Entre Rios,F,Green
Sims,Brandon,Guogan,M,Fuscia
Perry,Kevin,Ostravice,M,Pink
Cox,Edward,Yangmaogong,M,Crimson
Ortiz,Angela,Muurame,F,Turquoise
Harris,Lois,Kafr Kannā,F,Goldenrod
Barnes,Julie,Franco da Rocha,F,Purple
Price,Joseph,Batagay-Alyta,M,Pink
Morrison,Jesse,Negararatu,M,Green
Harvey,Dennis,Annapolis,M,Fuscia
Bradley,Clarence,Ayapel,M,Turquoise
Fields,Irene,Bom Jesus do Itabapoana,F,Orange
Daniels,Kenneth,Capayán,M,Indigo
Crawford,Sharon,Saint-Jean-de-Monts,F,Turquoise
Ford,Steve,Gunungputri,M,Puce
Howell,Douglas,Łaszczów,M,Orange
Arnold,Theresa,Woodford Hill,F,Crimson
Torres,Gregory,Yuanling,M,Khaki
Cox,Mary,Roshal’,F,Crimson
Ross,Phillip,Tutup,M,Puce
Larson,Michael,Trondheim,M,Aquamarine
Gilbert,Nicholas,Yessentuki,M,Puce
Price,Roy,Fraile Pintado,M,Mauv
Burns,Brian,Pruzhany,M,Pink
Murray,Christopher,Hazlov,M,Mauv
Cox,Barbara,Chanuman,F,Aquamarine
Burns,Paula,Guantang,F,Khaki
Marshall,Harry,Xiheshan,M,Turquoise
Wagner,Jeremy,Volkhov,M,Mauv
Ortiz,Ernest,Lynchburg,M,Aquamarine
Johnston,Fred,Brovary,M,Fuscia
Jones,Beverly,Sande Vila Nova,F,Purple
Hawkins,Larry,Pilchowice,M,Aquamarine
Edwards,Carol,Anyang,F,Orange
Nichols,Patrick,Bislig,M,Fuscia
Gray,Clarence,Dawwār Tīnjah,M,Crimson
Adams,Jane,Dzoraghbyur,F,Blue
Nguyen,Teresa,Okhansk,F,Mauv
Diaz,Jose,Göteborg,M,Indigo
Edwards,Roy,Songwon,M,Turquoise
Graham,Ryan,Oeiras,M,Khaki
Turner,Sean,Qiaogu,M,Turquoise
Kim,Donna,Zangbawa,F,Goldenrod
Fuller,Jose,Şirrīn ash Shamālīyah,M,Green
Ford,Ashley,Jindřichův Hradec,F,Aquamarine
Thomas,Alan,Osvaldo Cruz,M,Puce
Murphy,Cynthia,Graikochóri,F,Orange
Webb,Pamela,Itapeva,F,Green
Ramos,Martin,Korop,M,Fuscia
Phillips,Christina,Jincheng,F,Red
Reynolds,Cynthia,Woja,F,Maroon
Watson,Sandra,Bator,F,Teal
Lawson,Ronald,Dachong,M,Fuscia
Lopez,Ruby,Xinfeng,F,Maroon
Watson,Larry,Majagual,M,Purple
Fields,Pamela,Chiduo,F,Red
Austin,Janet,Novyye Gorki,F,Red
Powell,Paula,Tcholliré,F,Teal
Willis,Catherine,Laocheng,F,Pink
Reid,Phyllis,Turbaco,F,Green
Bishop,Lisa,Jiamaying,F,Violet
Hunt,Diana,Tapera,F,Mauv
Welch,Roy,Nanyang,M,Blue
Roberts,Jesse,Babice,M,Turquoise
Nelson,Michael,Xilong,M,Crimson
Frazier,Pamela,Guxi,F,Indigo
Harvey,Barbara,Wohyń,F,Aquamarine
Burton,Tammy,Shicheng,F,Aquamarine
Castillo,Tina,Clermont-Ferrand,F,Violet
Matthews,Gary,Jiancha,M,Crimson
Cunningham,Kimberly,Roissy Charles-de-Gaulle,F,Red
Nichols,Ronald,Troyes,M,Indigo
Washington,Michelle,Talas,F,Crimson
Snyder,Mildred,Krajan,F,Yellow
Cooper,Bruce,Lunéville,M,Orange
Armstrong,Johnny,Guacara,M,Pink
Mccoy,Marilyn,Tucson,F,Indigo
Carpenter,Katherine,Cihaur,F,Maroon
Gomez,Bruce,Zhaoxian,M,Green
Hicks,Brandon,Huangmei,M,Crimson
Schmidt,Lillian,Balagon,F,Pink
Woods,Andrew,Aroeira,M,Khaki
Burke,Tina,Januszkowice,F,Teal
Bennett,Chris,El Pao,M,Crimson
Myers,Pamela,Ebute Ikorodu,F,Red
Mitchell,Jose,Malian,M,Khaki
Bailey,Steven,Ford,M,Mauv
Washington,Teresa,Gudang,F,Purple
Hayes,Christopher,Huangze,M,Red
Carr,Jennifer,Dinaig,F,Teal
Martin,Carl,Dalongtan,M,Yellow
Price,James,San Francisco,M,Green
Diaz,Jennifer,Lengshuitan,F,Red
Robinson,Timothy,Aranhas,M,Mauv
Barnes,Lois,Trojanów,F,Green
Johnston,Doris,Łęczyce,F,Yellow
Dixon,Chris,Portelinha,M,Green
Bishop,Jessica,Karlskrona,F,Maroon
Bradley,Bobby,Gamut,M,Fuscia
Carr,Nicholas,Yuanjue,M,Purple
Lane,Irene,Perniö,F,Maroon
Wilson,Ryan,Kae Dam,M,Purple
Moreno,Mark,Penebel,M,Purple
Butler,Tammy,Corumbá,F,Teal
Sanchez,Jennifer,Paraiso,F,Maroon
Berry,Sharon,Licupis,F,Violet
Weaver,Henry,Södertälje,M,Red
Barnes,Victor,Sukonolo Krajan,M,Maroon
Gray,Justin,Semey,M,Red
King,Melissa,Novobeysugskaya,F,Pink
Price,Paula,Rosario del Ingre,F,Mauv
Castillo,Rose,Gémeos,F,Turquoise
Hunt,Doris,Hilversum,F,Turquoise
Chapman,Todd,Bello,M,Maroon
Kennedy,Amanda,Murcia,F,Crimson
Gonzales,Stephen,Nam Phong,M,Red
Hunter,Kimberly,Obsza,F,Indigo
Martinez,Louise,Guotan,F,Crimson
Rogers,Kathleen,Kokhanava,F,Maroon
Ray,Susan,Mertert,F,Turquoise
Chapman,Jeremy,Tuamese,M,Puce
Mills,Ernest,Murcia,M,Goldenrod
Austin,Joseph,Valtelheiro,M,Crimson
Dunn,Maria,Mancagahar,F,Red
Carter,Jeremy,Bykivka,M,Puce
Holmes,Benjamin,Timaru,M,Purple
Day,Roy,Oslo,M,Violet
Williamson,Jose,Xiaofayi,M,Goldenrod
Schmidt,Thomas,Vila Nova de Gaia,M,Khaki
Griffin,Angela,Dijon,F,Red
George,Raymond,Tampakan,M,Violet
Hunter,Bonnie,Lublin,F,Fuscia
James,Craig,Qiaodi,M,Purple
Matthews,Robin,Göteborg,F,Khaki
Daniels,Joshua,Pereleshino,M,Yellow
Berry,Diana,Ciparakan,F,Mauv
Reid,Amanda,Caparrapí,F,Khaki
Grant,Louis,Lazaro Cardenas,M,Mauv
Boyd,Joan,Frederiksberg,F,Purple
Hernandez,Brenda,Bāqim as Sūq,F,Khaki
Fowler,Jennifer,Pocrí,F,Turquoise
Fernandez,Phillip,Mozdok,M,Orange
Day,Frances,Ya‘bad,F,Turquoise
Hawkins,Nicole,Lalukoen Dua,F,Fuscia
Diaz,Louis,La Libertad,M,Violet
Hicks,Virginia,Dahe,F,Green
Meyer,Karen,Tanzhesi,F,Orange
Morales,Carlos,Tosontsengel,M,Fuscia
Lopez,Alice,Babakanjaya,F,Blue
Willis,Lois,Karanganyar,F,Pink
Miller,Kathleen,Cácota,F,Maroon
Stewart,Rose,Fuzihe,F,Yellow
Grant,Karen,Azenha,F,Green
Morrison,Randy,Bugojno,M,Maroon
Dean,Rose,Bun Barat,F,Turquoise
Young,Virginia,Yangxipu,F,Fuscia
Davis,Susan,Jauja,F,Crimson
Garza,Donna,Richmond,F,Red
Roberts,Kenneth,Sułoszowa,M,Maroon
Frazier,Robin,Balzan,F,Pink
Castillo,Randy,Pau,M,Aquamarine
Thomas,Patrick,Sizhou,M,Red
Hernandez,Kathy,As Sukhnah,F,Violet
Gonzales,Todd,Jiangya,M,Yellow
Webb,Thomas,Mboursou Léré,M,Maroon
Nguyen,Ralph,Tarnawatka,M,Purple
Bennett,Jane,Vale de Vila,F,Violet
Moore,Donald,Kembang,M,Maroon
Black,Jacqueline,Barrio San Luis,F,Pink
Cruz,Phillip,Arauá,M,Yellow
Mendoza,Annie,Sulęcin,F,Blue
Evans,Robert,Sada,M,Red
Rogers,Wayne,Jianyi,M,Teal
Hart,Jennifer,Raduzhnyy,F,Red
Castillo,Marilyn,Studená,F,Crimson
Hughes,Wayne,Butou,M,Mauv
Palmer,Johnny,Parada de Todeia,M,Puce
Tucker,Phyllis,Choujiang,F,Teal
Shaw,Ronald,Chadian,M,Teal
Fields,Gary,Abangay,M,Green
Gonzales,Annie,Kawaguchi,F,Mauv
Elliott,Maria,Sabanitas,F,Maroon
Pierce,Joseph,Muan,M,Indigo
Reynolds,Joyce,Kabarnet,F,Violet
Larson,Joan,Jilong,F,Pink
Reed,Denise,Cambanay,F,Orange
Oliver,Margaret,Costeira do Pirajubae,F,Green
Burke,Paula,East End,F,Pink
Ramos,Cynthia,Pingshui,F,Aquamarine
Scott,Jason,Gampola,M,Crimson
Stevens,Joyce,Goge,F,Khaki
Riley,Sara,Preobrazheniye,F,Teal
Garrett,Kenneth,Liukou,M,Pink
Armstrong,Jonathan,Sambogunung,M,Aquamarine
Moreno,Clarence,Lahad Datu,M,Puce
Larson,Tina,Samuhú,F,Violet
Holmes,Mildred,Eksjö,F,Goldenrod
Andrews,Richard,Sangalhos,M,Puce
Alvarez,Ryan,Mendī,M,Violet
Long,Ruby,Mengmeng,F,Crimson
Black,Richard,Ostrožac,M,Red
Morales,Virginia,Gande,F,Indigo
Ray,Jason,Priozërsk,M,Pink
Hunt,Randy,Banocboc,M,Yellow
Evans,Katherine,Kisesa,F,Mauv
Brooks,Ann,Uherské Hradiště,F,Turquoise
Burton,Dorothy,Urus-Martan,F,Maroon
Martin,Philip,Fayzabad,M,Puce
Long,Mildred,Anping,F,Khaki
Hernandez,Stephanie,Quán Hành,F,Purple
Bryant,Lois,Nürnberg,F,Turquoise
Montgomery,Kimberly,Bailu,F,Khaki
Gray,Howard,Kishiwada,M,Fuscia
Murray,Terry,Janakpur,M,Pink
West,Joyce,Falun,F,Indigo
Day,Joseph,Longxi,M,Purple
Martinez,Laura,Gumaus,F,Green
Duncan,Bonnie,Rimbo,F,Blue
Carpenter,Joe,Kiarajangkung,M,Mauv
Weaver,Aaron,Gitega,M,Turquoise
Miller,Ashley,Pilar do Sul,F,Aquamarine
Hanson,Kathryn,Praia Grande,F,Aquamarine
West,Edward,Log pri Brezovici,M,Crimson
Sims,Joyce,Manzurka,F,Goldenrod
Stone,Jeremy,Lingbei,M,Indigo
Reed,Debra,Linda Vista,F,Yellow
Lee,Anthony,Qingminghe,M,Fuscia
Diaz,Ruby,Santo Niño,F,Maroon
Henderson,Melissa,Tharyarwady,F,Goldenrod
Cox,Dennis,Florencia,M,Teal
Hayes,Lisa,Hongshan,F,Turquoise
Williamson,Beverly,Harrison Brook,F,Mauv
Crawford,Antonio,El Hermel,M,Green
West,Craig,Gushikawa,M,Indigo
Powell,Doris,Prata,F,Yellow
Hayes,Gloria,Gbawe,F,Pink
Lewis,Thomas,Tarikolot,M,Violet
Garza,Barbara,Matsue-shi,F,Blue
Hayes,Lillian,Jhumra,F,Aquamarine
Mccoy,Louise,Huji,F,Turquoise
Reid,Carolyn,Renfrew,F,Teal
Rice,Evelyn,Temirtau,F,Teal
Rivera,Edward,Selmes,M,Mauv
Kelley,Jessica,Handa,F,Crimson
Stewart,Kevin,Açucena,M,Orange
Ramos,Sean,Brejo da Madre de Deus,M,Crimson
Harrison,Marilyn,Sukorejo,F,Yellow
King,Johnny,Qiancheng,M,Teal
Gonzalez,Clarence,Loa Janan,M,Blue
Mills,Paul,Tupambaé,M,Pink
Webb,Brenda,Mikumi,F,Mauv
Moore,Andrew,Los Fresnos,M,Goldenrod
Jordan,Margaret,Ajuy,F,Aquamarine
Garza,Andrea,Krzanowice,F,Yellow
Stone,Susan,Calancuasan Norte,F,Goldenrod
Young,Joshua,Gaoping,M,Teal
Watson,Phyllis,Kademangan,F,Blue
Perez,Diane,Vlycháda,F,Green
Wagner,Diane,Gourma Rharous,F,Aquamarine
Richards,Raymond,Correntina,M,Pink
Crawford,Evelyn,Volodymyrets’,F,Mauv
Graham,Jessica,San Vicente,F,Yellow
Cook,Wanda,Zwolle,F,Teal
Kennedy,Margaret,Ustupo,F,Goldenrod
Roberts,Ruby,Charleville-Mézières,F,Violet
Nguyen,Debra,Wolonio,F,Indigo
Franklin,Lillian,Du’ermenqin,F,Maroon
Ford,Johnny,Calsib,M,Violet
Mendoza,Andrew,Salvacion,M,Blue
Reed,Chris,Huaping,M,Yellow
Thomas,Emily,Krajan Kidul Rojopolo,F,Red
Johnson,Phillip,Moijabana,M,Purple
Carr,Adam,Longjin,M,Goldenrod
Lee,Willie,Al Balyanā,M,Goldenrod
Ward,Christine,Molave,F,Orange
Richardson,Marilyn,Hujia,F,Pink
Payne,Earl,Unity,M,Goldenrod
Gonzales,Jeffrey,Frydrychowice,M,Teal
Rose,Cynthia,Jabłonowo Pomorskie,F,Pink
Sanders,Janet,Sanandaj,F,Aquamarine
Mccoy,Billy,Guling,M,Goldenrod
Vasquez,Samuel,Central,M,Puce
Arnold,Steven,Castlebellingham,M,Yellow
Cruz,Teresa,Dadiya,F,Yellow
Wells,Laura,Pinaring,F,Indigo
Rogers,Shawn,Franco da Rocha,M,Orange
Harper,Janet,Glagahdowo,F,Fuscia
Cook,Joe,Krajan Pundungsari,M,Aquamarine
Cox,Melissa,Krajan Pundungsari,F,Khaki
Bishop,Paul,Ruda Śląska,M,Crimson
Torres,Rose,Boden,F,Green
Shaw,Terry,Lian’an,M,Indigo
Lawson,Katherine,Johor Bahru,F,Red
Lane,Louise,Tsuruoka,F,Puce
Palmer,Melissa,Jixian,F,Fuscia
Young,Russell,Umbanyar,M,Mauv
Reyes,Matthew,Tanzhesi,M,Fuscia
Gibson,Randy,Catabola,M,Indigo
Riley,Louise,Gabrovo,F,Indigo
Gilbert,Jerry,Yuanqian,M,Khaki
Stewart,Douglas,Puerto Cumarebo,M,Goldenrod
Kim,James,Esquina,M,Indigo
Carpenter,Billy,Kebonagung,M,Aquamarine
Perez,Diana,Mangochi,F,Goldenrod
Long,Ruby,Besançon,F,Yellow
Reid,Louise,Vårby,F,Green
Long,Jack,Miřetice,M,Orange
Stephens,Gary,Bairros,M,Fuscia
Matthews,Judy,Quintães,F,Turquoise
Cook,Maria,Rancho Nuevo,F,Puce
Morris,Joe,Fayzabad,M,Maroon
Perkins,Andrew,Hamakita,M,Blue
Butler,Lois,Lubochnia,F,Turquoise
Peters,Margaret,Turpo,F,Aquamarine
Arnold,Catherine,Lages,F,Red
Watkins,Gregory,Drahovo,M,Fuscia
Dixon,Diane,Paclolo,F,Violet
Kelley,Kathryn,Ruma,F,Indigo
Patterson,Lawrence,Kanal,M,Aquamarine
Henry,Gregory,Sandefjord,M,Blue
Diaz,Deborah,Tianzhen,F,Orange
Owens,Frank,La Paz,M,Maroon
Holmes,Donald,Loanda,M,Indigo
Hart,Louise,Angostura,F,Orange
Price,Chris,Jelat,M,Indigo
Evans,Tammy,Sibucao,F,Khaki
Scott,Sarah,Santo Tomas,F,Yellow
Harper,Daniel,Dingli,M,Blue
Clark,Johnny,Itbayat,M,Mauv
Morris,Steven,Obrera,M,Blue
Gibson,Rachel,Yangqing,F,Goldenrod
Rose,Ernest,Avignon,M,Indigo
Howard,Harry,Ocote Paulino,M,Green
Flores,Diana,Pontevedra,F,Turquoise
Cooper,Evelyn,Ngulahan,F,Teal
Carr,Brenda,Trhové Sviny,F,Khaki
Richardson,Eugene,Dibulla,M,Puce
Duncan,Samuel,Gómfoi,M,Goldenrod
Fowler,Aaron,Pedamaran,M,Crimson
Lewis,Keith,Krajan Timur Suger Kidul,M,Turquoise
Bowman,Deborah,Buruanga,F,Turquoise
Chavez,Lillian,Pousada,F,Turquoise
Kelley,Jimmy,Suzëmka,M,Goldenrod
Chavez,Eugene,Lukovo,M,Mauv
Romero,Wanda,Dióni,F,Indigo
Morales,Wayne,Samaipata,M,Purple
Perkins,Laura,Lyon,F,Goldenrod
Clark,Ralph,Xingou,M,Aquamarine
Wagner,Larry,Kamieniec,M,Red
Morgan,Alan,Zwolle,M,Indigo
Martin,Julie,Villa Carlos Paz,F,Goldenrod
Mills,Billy,Dalianhe,M,Indigo
Bennett,Christopher,Kosti,M,Goldenrod
Jenkins,Terry,Bailai,M,Mauv
Sims,Diane,Dzhankoy,F,Purple
Butler,Jimmy,Bello,M,Puce
Johnston,John,Jatirejo,M,Orange
Kelley,Patricia,Heilbronn,F,Green
Sanders,Phyllis,Zliten,F,Turquoise
Bradley,Amy,Juḩr ad Dīk,F,Maroon
Austin,Charles,Huangtan,M,Aquamarine
Dixon,Ronald,Odivelas,M,Crimson
Dean,Thomas,Shangxing,M,Aquamarine
Sims,Robert,Urung,M,Aquamarine
Thomas,Paul,Shajing,M,Turquoise
Watkins,Angela,Qorovulbozor,F,Mauv
Gilbert,Ryan,Anávra,M,Orange
Berry,Carl,Sabinópolis,M,Teal
Evans,Joyce,Ciudad Barrios,F,Purple
Lynch,Harry,Loikaw,M,Violet
Gilbert,Edward,Svetlyy,M,Maroon
Williams,Billy,Anambongan,M,Fuscia
Sanders,Joe,Dalianwan,M,Khaki
Fox,Ruby,Penanggal,F,Purple
Sims,Paula,Yongjiu,F,Fuscia
Thompson,Joan,Skołyszyn,F,Turquoise
Stephens,Charles,Benito Juarez,M,Goldenrod
Nichols,Philip,Bharatpur,M,Fuscia
Gardner,Jonathan,Birr,M,Blue
Bowman,Laura,Tysmenytsya,F,Turquoise
Harvey,Karen,Wanhu,F,Goldenrod
Clark,Paula,Inírida,F,Red
Willis,Joe,Sundbyberg,M,Orange
Green,Christina,Moycullen,F,Fuscia
Bennett,Margaret,Cruces,F,Violet
Martin,Kelly,Dukuh,F,Yellow
King,Sarah,Matiao,F,Mauv
Foster,Shirley,Kerkrade,F,Mauv
Walker,Alan,Baoyang,M,Crimson
Peterson,Ann,Oroquieta,F,Teal
Lane,Amanda,Bāsht,F,Green
Marshall,Gerald,Jingjiang,M,Yellow
Hunt,Mildred,Harnoli,F,Pink
King,Patricia,Tigaherang,F,Blue
Nichols,Lois,Miami,F,Teal
Watkins,Melissa,Cavalões,F,Maroon
Ray,Annie,Tengah,F,Blue
Grant,Evelyn,Bhalil,F,Violet
Woods,Ernest,Aoufous,M,Purple
Little,Roger,Trosa,M,Teal
Thompson,Scott,Shalazhi,M,Goldenrod
Montgomery,Christina,Pushkino,F,Violet
Bell,Steven,Gangmei,M,Pink
Brown,Aaron,Ujazd,M,Mauv
Larson,Rose,Helong,F,Indigo
Bryant,Jessica,Pulilan,F,Crimson
Banks,Carl,Lyaskovets,M,Indigo
Arnold,Frank,Chengjiao,M,Maroon
Jackson,Craig,Chulakivka,M,Orange
Shaw,Gary,Malabag,M,Red
Bishop,Mary,Zhaizigou,F,Khaki
Turner,Nancy,Ripky,F,Fuscia
Dixon,Andrea,Unidad,F,Green
Fuller,Douglas,Bantilan,M,Fuscia
Reid,Cynthia,Caohe,F,Aquamarine
Carter,Cynthia,Moroto,F,Violet
Morales,Laura,Ballsh,F,Crimson
Burton,Sharon,Pagaden,F,Teal
Alvarez,Christopher,Santiago,M,Yellow
Elliott,Mary,Pochuta,F,Pink
Price,Keith,Skärhamn,M,Crimson
Stephens,Frank,Tegalrejo,M,Indigo
Hayes,Janice,Stará Paka,F,Red
Lawson,Frank,Pailiao,M,Orange
Kelley,Alice,Floresta,F,Maroon
Wells,Victor,Świnna,M,Aquamarine
Cook,Doris,Malec,F,Mauv
Bell,Carol,Blois,F,Red
Medina,Albert,Yantian,M,Puce
Hudson,Brian,Huntington Beach,M,Violet
Scott,Earl,Longshan,M,Violet
Larson,Maria,Junqueiro,F,Turquoise
Berry,Brandon,Rakitnoye,M,Aquamarine
Carr,Anne,Hezhi,F,Green
Hicks,Doris,Chaeryŏng-ŭp,F,Aquamarine
Matthews,Chris,Kai,M,Red
Hernandez,Ashley,Bluri,F,Fuscia
Sanchez,Mark,Yur’yev-Pol’skiy,M,Purple
Hansen,Ralph,Pilang,M,Blue
Anderson,Evelyn,Didou,F,Blue
Martinez,Lillian,Tëploye,F,Teal
Mitchell,Henry,Lubbock,M,Aquamarine
Hanson,Douglas,Mikstat,M,Yellow
Carter,Fred,Aughrim,M,Orange
Perkins,Todd,Bakıxanov,M,Turquoise
Ward,George,Pinheiro Machado,M,Maroon
Parker,Marilyn,Kokemäki,F,Fuscia
Reed,Kevin,Kasembon,M,Pink
Smith,Sarah,Quchanghī,F,Puce
Ruiz,Willie,Balete,M,Crimson
Day,Jerry,Patao,M,Violet
Lawson,Timothy,Kaduheuleut,M,Mauv
Perkins,Steven,Karangboyo,M,Puce
Russell,Larry,Babahoyo,M,Goldenrod
Alexander,Alan,Jemielno,M,Khaki
Gutierrez,Joyce,Xinqiao,F,Goldenrod
Harper,Evelyn,Luofang,F,Teal
Wagner,Steven,Sanjinquan,M,Khaki
Mendoza,Judy,Matiguás,F,Teal
Austin,Heather,Tipitapa,F,Orange
Richardson,Paul,La Estrella,M,Indigo
Bradley,Bobby,Lijiang,M,Indigo
Anderson,Melissa,Nginjen,F,Khaki
Alvarez,Matthew,Xinxikou,M,Khaki
Thompson,Helen,Toledo,F,Indigo
Ross,Cheryl,Aktogay,F,Puce
Bailey,Gerald,Kota Kinabalu,M,Puce
Boyd,Debra,Lagunillas,F,Puce
Olson,Jane,Kaeng Khoi,F,Red
Hicks,Douglas,Pocito,M,Indigo
Chavez,Evelyn,Haifa,F,Goldenrod
Jones,Robin,Sukamulya,F,Green
Hunter,Ryan,Fundão,M,Turquoise
Burton,Elizabeth,Baoyang,F,Goldenrod
Parker,Albert,Bambas,M,Violet
Dean,Terry,Machachi,M,Green
Hunt,Bobby,Grevená,M,Green
Gibson,Shirley,Laiyang,F,Mauv
Martin,Eric,Targowisko,M,Maroon
Evans,Albert,Trunovskoye,M,Crimson
West,Laura,Longshan,F,Purple
Price,Barbara,Zharkovskiy,F,Mauv
Bell,Robin,København,F,Purple
Gonzales,Thomas,Itaituba,M,Turquoise
Meyer,Peter,Lodan Wetan,M,Red
Medina,Linda,Migues,F,Red
Brown,Jack,Dordrecht,M,Mauv
Jackson,Craig,Rudky,M,Yellow
Mcdonald,Donna,Fangfan,F,Fuscia
Ortiz,Fred,El Corozal,M,Indigo
Turner,Amy,Vila Boa do Bispo,F,Puce
Gonzalez,Amy,Jiamachi,F,Puce
Hicks,Lillian,Dong’an,F,Fuscia
Berry,Ann,Can-Avid,F,Purple
Freeman,Justin,Vodyane,M,Crimson
Black,Clarence,Bremerhaven,M,Teal
Bell,Howard,Qanliko’l,M,Puce
Rose,Benjamin,Waipare,M,Turquoise
Mendoza,Robert,Pyhäselkä,M,Khaki
Dean,Randy,Kampungbaru,M,Blue
Hernandez,Paula,Sanlidian,F,Yellow
Chavez,Christina,Washington,F,Goldenrod
Gutierrez,Mildred,Fovissste,F,Aquamarine
Black,Patricia,Mendes,F,Goldenrod
Cooper,Christopher,Lushan,M,Turquoise
Ross,Lisa,Kolape,F,Maroon
Stevens,Patrick,Kablukan,M,Blue
Bryant,Rose,Gechuan,F,Violet
Carpenter,Joe,Ligonggang,M,Blue
Long,Sharon,San Francisco,F,Green
Mccoy,Louise,Otterburn Park,F,Mauv
Kennedy,Joshua,Misheronskiy,M,Yellow
Frazier,Denise,Dunaivtsi,F,Maroon
Rose,Margaret,Aleksandrovka,F,Crimson
Wallace,Katherine,Gemblengmulyo,F,Aquamarine
Rogers,Shawn,Fengtai Chengguanzhen,M,Indigo
Parker,Kimberly,Krasnokamensk,F,Orange
Jenkins,Robin,Qixing,F,Puce
Larson,Judith,Ferraria,F,Turquoise
Garza,Janet,Sokol,F,Khaki
Coleman,Donald,Jarada,M,Orange
Johnson,Philip,Yeysk,M,Red
Ford,Roger,Chocos,M,Goldenrod
Lane,Scott,Montonggamang,M,Aquamarine
Adams,Brandon,Pangkajene,M,Aquamarine
Harper,Nicholas,Hénin-Beaumont,M,Crimson
Cooper,Gerald,Efeng,M,Green
Hunter,Mildred,Asen,F,Indigo
Nichols,Angela,Al Farwānīyah,F,Puce
Nelson,Carlos,Beltinci,M,Blue
Kelley,Brenda,Proástion,F,Crimson
Murray,Brian,Paris 19,M,Turquoise
Ford,Cynthia,Tubungan,F,Maroon
Lawson,Ryan,Yangzi Jianglu,M,Red
Nguyen,Antonio,Sarapul,M,Mauv
Payne,Rebecca,Fenchen,F,Khaki
Hart,Larry,Awarawar,M,Crimson
Grant,Juan,Shāzand,M,Pink
Rogers,Brenda,Montepuez,F,Green
Peterson,Aaron,Brzeźnica,M,Purple
Ward,Annie,Laguna Paiva,F,Goldenrod
Richards,Dorothy,Le Lamentin,F,Crimson
Black,Aaron,Dzagam,M,Goldenrod
Dunn,Jimmy,Xinglong,M,Maroon
Morales,Gregory,Corona,M,Indigo
Austin,Nicholas,Buzhakan,M,Pink
Carter,Bobby,Kapunduk,M,Fuscia
Johnston,Bobby,Salitral,M,Indigo
Alvarez,Jose,Chiconi,M,Purple
Williamson,Joyce,Suban Jeriji,F,Maroon
Taylor,Kathleen,Baishuitan,F,Orange
Garcia,Norma,Valbo,F,Mauv
Jordan,Henry,Khadyzhensk,M,Blue
Wagner,Kevin,Baise City,M,Red
Williamson,Kelly,Shimen,F,Khaki
Mcdonald,Joyce,Villa Nueva,F,Fuscia
Oliver,George,Las Vegas,M,Turquoise
Weaver,Nicole,Huancapallac,F,Goldenrod
Rivera,Jane,Grabów,F,Indigo
Gibson,Carolyn,Salinggara,F,Maroon
Henry,Deborah,Uzdin,F,Orange
Garza,Victor,Caeté,M,Maroon
Myers,Christine,Jorochito,F,Red
Davis,Denise,Staryy Krym,F,Khaki
Gilbert,Carolyn,Skrzydlna,F,Crimson
Miller,Daniel,Hachiōji,M,Pink
Elliott,Jane,Oslo,F,Khaki
Dixon,Sarah,Pétange,F,Orange
Freeman,Sharon,Beloye,F,Violet
Walker,Jesse,Shashemenē,M,Turquoise
Stanley,Andrew,Jedung,M,Maroon
Greene,Samuel,Hamilton,M,Green
Cruz,Louise,Dankunku,F,Violet
Hamilton,Howard,Shuangshan,M,Fuscia
Crawford,Christopher,Caotang,M,Turquoise
Baker,Larry,Carayaó,M,Green
Hunt,Jerry,Semenivka,M,Indigo
Myers,Lori,Daixi,F,Crimson
Carter,Randy,Antas,M,Red
Lee,Nicole,Smętowo Graniczne,F,Pink
Ortiz,Chris,Corinto,M,Indigo
Larson,William,Charlotte,M,Pink
Ellis,Kelly,Krabi,F,Goldenrod
Watson,Ronald,Além do Rio,M,Blue
Nichols,Jimmy,Daping,M,Aquamarine
Walker,Judith,Hernández,F,Green
Rice,Lillian,Maumbawa,F,Violet
Robinson,Deborah,Pasar Kulon,F,Yellow
Carter,Matthew,Paços de Ferreira,M,Maroon
Patterson,Stephanie,Miringa,F,Mauv
Stewart,Paul,Tầm Vu,M,Yellow
Russell,Jonathan,Lagawe,M,Indigo
Butler,Jimmy,Smimou,M,Maroon
Morgan,Gary,Rochester,M,Red
Bell,Elizabeth,Proletarsk,F,Fuscia
Daniels,Frank,Manaquiri,M,Turquoise
Simmons,Christopher,Ceres,M,Mauv
Kim,Jerry,Töysä,M,Crimson
Robertson,Catherine,Gayam,F,Puce
Henry,Lillian,Kiuola,F,Maroon
Evans,Robert,Pasirlimus,M,Pink
Hudson,Andrew,Atlasovo,M,Purple
Ruiz,Matthew,Wangsi,M,Indigo
Carpenter,Jerry,El Playón,M,Green
Alexander,Stephen,Mukařov,M,Puce
Ortiz,Douglas,Ketovo,M,Turquoise
Rivera,George,Mnichovo Hradiště,M,Turquoise
Mason,Joan,Xueshan,F,Goldenrod
Duncan,Russell,Lukulu,M,Crimson
Anderson,Lois,Farafangana,F,Mauv
Williamson,Joan,Atolina,F,Turquoise
Mitchell,Donna,Baratã,F,Aquamarine
Stone,Julia,Toulouse,F,Indigo
Collins,Steve,Gampang,M,Khaki
Gutierrez,Susan,Pakusari,F,Goldenrod
Clark,Debra,Nîmes,F,Green
Nelson,Steven,Lazaro Cardenas,M,Crimson
Morrison,Marie,Sukkozero,F,Maroon
Chavez,Albert,Norwalk,M,Puce
Lopez,Fred,Mount Ayliff,M,Purple
Brooks,Paul,Mont-Tremblant,M,Aquamarine
Carroll,Cheryl,Rukaj,F,Violet
Hamilton,Dennis,Socota,M,Turquoise
Johnson,Marilyn,Kunčice pod Ondřejníkem,F,Puce
Brown,Karen,Guozhai,F,Crimson
Peters,Carolyn,Pandakan,F,Red
Ramos,Joseph,Sydney,M,Green
Fox,Patricia,Tlogocilik,F,Teal
Green,Bruce,Pueblo Nuevo Viñas,M,Aquamarine
Carroll,Christopher,Ragana,M,Puce
Payne,Robin,Pacucha,F,Violet
Robinson,Cynthia,Nesterovskaya,F,Violet
Willis,Rose,Vychegodskiy,F,Orange
Nichols,Kelly,Quận Năm,F,Yellow
Gomez,Laura,Hønefoss,F,Khaki
Fields,Walter,Balitai,M,Purple
Watkins,Jane,Wuxia,F,Indigo
Riley,Stephanie,Markópoulo Oropoú,F,Turquoise
Bishop,Theresa,Studenec,F,Goldenrod
Foster,Jonathan,Khursā,M,Mauv
Bishop,Shirley,Andres Bonifacio,F,Mauv
Wagner,Gary,Kuala Terengganu,M,Yellow
Hayes,Anna,Rybatskoye,F,Teal
Nguyen,Brian,Pinamalayan,M,Purple
Washington,Jennifer,Mionica,F,Purple
Freeman,Pamela,Hualmay,F,Green
Foster,Karen,Lam Plai Mat,F,Goldenrod
Stephens,Anthony,Warungbuah,M,Goldenrod
Taylor,Carol,Cibungur,F,Pink
Alexander,Amy,Nangkaruka,F,Turquoise
Hunter,Richard,Golovchino,M,Purple
Wells,Roy,Huangbei,M,Crimson
Thompson,Roger,Cachoeira do Sul,M,Goldenrod
Washington,Rose,Fangbu,F,Purple
Roberts,Ralph,Zebrzydowice,M,Maroon
George,Amanda,Menghai,F,Red
Smith,Barbara,Woodford Hill,F,Pink
Barnes,Harry,Mir,M,Fuscia
Johnston,Willie,Soledad,M,Purple
Cook,Billy,Saint-Pierre,M,Orange
Howell,Anthony,Huayuan,M,Maroon
Schmidt,Lillian,Zhangpu,F,Green
Bell,Sandra,Esposende,F,Pink
Baker,Jose,Kiel,M,Turquoise
Nichols,Evelyn,Skwierzyna,F,Green
Fuller,Louise,Thị Trấn Bình Mỹ,F,Pink
Cruz,Raymond,Shishan,M,Red
Arnold,Lawrence,Rendeng,M,Violet
Oliver,Samuel,Lameira,M,Indigo
Berry,Todd,Mierzęcice,M,Orange
Roberts,Phillip,Staryy Merchyk,M,Yellow
Banks,Donna,Włoszakowice,F,Orange
Grant,Elizabeth,Örebro,F,Goldenrod
Gray,Patrick,San Pablo,M,Red
Butler,Jonathan,Zhelin,M,Orange
Knight,Barbara,Itagüí,F,Blue
Murray,Keith,Debelets,M,Green
Reed,Amy,Ndofane,F,Crimson
Matthews,David,Gasan,M,Violet
Diaz,Julie,Stockholm,F,Pink
Lawrence,Matthew,Marau,M,Purple
Jacobs,Victor,Mangxing,M,Maroon
Morales,Cheryl,Pointe-à-Pitre,F,Aquamarine
Snyder,Eric,Nam Khun,M,Blue
Peters,Marilyn,Smečno,F,Mauv
Vasquez,Andrew,Itu,M,Indigo
Burke,Helen,Jatibonico,F,Fuscia
Richards,Charles,Hongxing,M,Pink
Alexander,David,Pulong Sampalok,M,Khaki
Simpson,Jacqueline,Bác Ái,F,Orange
Scott,Bruce,Pehčevo,M,Red
Stephens,Julie,Morales,F,Mauv
Marshall,Michael,Jaguariaíva,M,Blue
Henry,Kathleen,‘Eilabun,F,Indigo
Harris,Kevin,Tacurong,M,Khaki
Gonzalez,Diane,Pontian,F,Aquamarine
Taylor,Catherine,København,F,Blue
Jenkins,Jeffrey,Udobnaya,M,Orange
Hayes,Nancy,Sexmoan,F,Violet
George,Edward,Rangxi,M,Indigo
Thompson,Carol,Cantaura,F,Teal
Myers,Kathryn,Nueva Esperanza,F,Violet
Romero,Elizabeth,Escola,F,Pink
Payne,David,Lindavista,M,Teal
Dean,Bruce,Fukuyama,M,Goldenrod
Rivera,Katherine,Khon San,F,Teal
Murray,Maria,Juḩr ad Dīk,F,Yellow
Spencer,Alan,Wufeng,M,Green
Pierce,Beverly,Zhangxiang,F,Teal
Lopez,Anthony,Huating,M,Fuscia
Simmons,Jose,Masty,M,Teal
Lawrence,Harry,Marseille,M,Red
Alexander,Richard,Aramecina,M,Aquamarine
Long,Matthew,Zabierzów,M,Mauv
Medina,Joyce,Ibrā’,F,Aquamarine
Dunn,Brenda,Kazimierz Dolny,F,Fuscia
Bell,Theresa,Huatai,F,Puce
Miller,Billy,Xinming,M,Teal
Ferguson,Gregory,Troyes,M,Goldenrod
Lynch,Stephanie,Isfahan,F,Khaki
Ward,Rebecca,Villa Cañás,F,Puce
Robinson,Marie,Messina,F,Aquamarine
Cox,Daniel,Kuanda,M,Maroon
Gonzalez,Gerald,Bang Kruai,M,Khaki
Stewart,Albert,Yelizavetinskaya,M,Maroon
Schmidt,Kevin,Shitun,M,Crimson
Howard,Edward,Torino,M,Puce
Hill,Carol,Picoto,F,Violet
Torres,Jimmy,Agadez,M,Goldenrod
Jackson,Heather,Dandian,F,Mauv
Cole,Catherine,Sagang,F,Purple
Hunt,Justin,Sieroszewice,M,Teal
Romero,Denise,Seaforth,F,Yellow
Cruz,Virginia,Medan,F,Turquoise
Gordon,Jerry,Niedercorn,M,Orange
Griffin,Susan,Alepoú,F,Violet
Hernandez,Aaron,Chegang,M,Indigo
Sullivan,Kathy,Barueri,F,Purple
Adams,Jose,Lenešice,M,Mauv
Johnson,Sharon,Červená Voda,F,Crimson
Lee,Louise,Nukuoro,F,Violet
Burton,Kenneth,Reno,M,Teal
Daniels,Barbara,Jovellar,F,Violet
Dean,Anna,Banjar Anyar,F,Pink
Harper,Henry,Siyang,M,Blue
Hughes,Paul,Järfälla,M,Khaki
Hill,Lori,Parung,F,Goldenrod
Tucker,Johnny,Hitoyoshi,M,Pink
Wallace,Roy,Tuanchengshan,M,Crimson
Berry,Robin,Cluses,F,Red
Fernandez,Anne,Hongxi,F,Pink
Brown,Sara,Guanajuato,F,Aquamarine
Clark,William,Huaidian,M,Green
Griffin,Douglas,Wuduhe,M,Puce
Jordan,Sharon,Tianjiazhuang,F,Maroon
Shaw,Marie,Horki,F,Khaki
Wells,Todd,Qianjia,M,Violet
Sullivan,Jesse,Biscoitos,M,Puce
Dean,Harry,Waiwejak,M,Orange
Gardner,Jerry,Nueve de Julio,M,Pink
Mccoy,Ralph,Bogandinskiy,M,Green
Brown,Louis,Hakodate,M,Purple
Howell,Fred,Annan,M,Indigo
Stewart,Janice,Al Manşūrah,F,Maroon
Murphy,Teresa,Shangcunba,F,Khaki
Edwards,Tina,Néa Péramos,F,Orange
Morgan,Ronald,Hashaat,M,Green
Dean,Steven,Cambas,M,Crimson
Lane,Fred,Wangshi,M,Red
James,Brian,Slobodka,M,Green
Vasquez,George,Pouso Alegre,M,Teal
Spencer,Denise,Usuki,F,Teal
Ellis,Beverly,Slyudyanka,F,Violet
Cole,Ernest,Pasvalys,M,Violet
Torres,Russell,Tolbazy,M,Pink
Marshall,Sara,Hermanus,F,Purple
Howell,Harry,Hatava,M,Orange
Jenkins,Bruce,San Diego,M,Green
Simpson,Irene,Domaradz,F,Teal
Phillips,Lawrence,Amiens,M,Crimson
Reid,Emily,Granadero Baigorria,F,Pink
Foster,Edward,Tohautu,M,Yellow
Evans,Jason,Lipu,M,Pink
White,Linda,Mulyoagung,F,Aquamarine
Mccoy,Louise,Parang,F,Aquamarine
Arnold,Douglas,Sáchica,M,Goldenrod
Green,Ronald,Ko Chan,M,Teal
Sanchez,Andrew,Täby,M,Orange
Ward,Mildred,Jonava,F,Blue
Andrews,Kenneth,Sarbīsheh,M,Teal
Watson,Christopher,Bibrka,M,Blue
Robinson,Sarah,Huxu,F,Green
Ortiz,Lois,Vicente Guerrero,F,Blue
Franklin,Stephen,Hastings,M,Purple
Franklin,Eugene,La Joya,M,Blue
Fowler,Andrea,Parlilitan,F,Maroon
Simmons,Jason,Liudu,M,Indigo
West,Amanda,Dadiharja,F,Green
Fowler,James,Qingnianlu,M,Mauv
Ryan,Jose,Bystřice nad Pernštejnem,M,Khaki
Bishop,Justin,Villa General Belgrano,M,Pink
